Слово;Часть речи;Класс;Категория источников;Количество вхождений;Источники
агрессивный;прилагательное;Злость;B;2;Датасеты, NRC EmoLex
агрессия;существительное;Злость;AB;2;NRC EmoLex, Русский семантический словарь
ад;существительное;Грусть;AB;3;Датасеты, NRC EmoLex, Алфавит эмоций
адский;прилагательное;Злость;AB;2;NRC EmoLex, Алфавит эмоций
антипатия;существительное;Злость;AB;3;NRC EmoLex, Русский семантический словарь, РуСентиЛекс
апатичный;прилагательное;Грусть;AB;2;NRC EmoLex, Алфавит эмоций
балдеть;глагол;Радость;A;2;НКРЯ, Алфавит эмоций
беда;существительное;Грусть;AB;2;Датасеты, Алфавит эмоций
бедный;прилагательное;Грусть;AB;2;Датасеты, Алфавит эмоций
бедняга;существительное;Грусть;AB;2;Датасеты, Алфавит эмоций
бедняжка;существительное;Грусть;AB;2;Датасеты, Алфавит эмоций
бедолага;существительное;Грусть;AB;2;ENRuN, Алфавит эмоций
бедствие;существительное;Грусть;AB;2;NRC EmoLex, Алфавит эмоций
без ума;существительное с предлогом;Радость;AB;2;NRC EmoLex, РуСентиЛекс
безумный;прилагательное;Злость;AB;3;Датасеты, NRC EmoLex, Алфавит эмоций
безутешность;существительное;Грусть;A;2;Русский семантический словарь, Алфавит эмоций
безысходность;существительное;Грусть;AB;3;Датасеты, Русский семантический словарь, Алфавит эмоций
бесить;глагол;Злость;AB;3;Датасеты, НКРЯ, Алфавит эмоций
беситься;глагол;Злость;A;2;НКРЯ, Алфавит эмоций
беспокоить;глагол;Страх;AB;4;Датасеты, NRC EmoLex, НКРЯ, РуСентиЛекс
беспокоиться;глагол;Страх;AB;3;Датасеты, НКРЯ, РуСентиЛекс
беспокойный;прилагательное;Страх;AB;2;NRC EmoLex, РуСентиЛекс
беспокойство;существительное;Страх;AB;4;Датасеты, NRC EmoLex, Русский семантический словарь, РуСентиЛекс
бесшабашный;прилагательное;Радость;AB;2;NRC EmoLex, Алфавит эмоций
бешенство;существительное;Злость;AB;4;Датасеты, НКРЯ, Русский семантический словарь, Алфавит эмоций
бешеный;прилагательное;Злость;AB;2;NRC EmoLex, Алфавит эмоций
благоговение;существительное;Радость;AB;3;NRC EmoLex, Русский семантический словарь, РуСентиЛекс
благодарность;существительное;Радость;AB;4;NRC EmoLex, НКРЯ, Русский семантический словарь, РуСентиЛекс
благодарный;прилагательное;Радость;AB;3;Датасеты, NRC EmoLex, РуСентиЛекс
благодушие;существительное;Радость;A;2;НКРЯ, Русский семантический словарь
благой;прилагательное;Радость;AB;2;Датасеты, Алфавит эмоций
благорасположение;существительное;Радость;A;2;Русский семантический словарь, РуСентиЛекс
благословенный;прилагательное;Радость;AB;2;NRC EmoLex, Алфавит эмоций
благотворный;прилагательное;Радость;AB;2;NRC EmoLex, Алфавит эмоций
блаженный;прилагательное;Радость;AB;3;NRC EmoLex, РуСентиЛекс, Алфавит эмоций
блаженство;существительное;Радость;AB;5;NRC EmoLex, НКРЯ, Русский семантический словарь, РуСентиЛекс, Алфавит эмоций
блаженствовать;глагол;Радость;A;2;РуСентиЛекс, Алфавит эмоций
бодрость;существительное;Радость;AB;3;Датасеты, NRC EmoLex, Алфавит эмоций
болезненность;существительное;Грусть;AB;2;NRC EmoLex, РуСентиЛекс
болезненный;прилагательное;Грусть;AB;4;Датасеты, NRC EmoLex, РуСентиЛекс, Алфавит эмоций
болеть;глагол;Грусть;AB;3;Датасеты, РуСентиЛекс, Алфавит эмоций
боль;существительное;Грусть;AB;5;Датасеты, NRC EmoLex, Русский семантический словарь, РуСентиЛекс, Алфавит эмоций
больно;наречие;Грусть;AB;3;Датасеты, NRC EmoLex, Алфавит эмоций
больной;прилагательное;Грусть;B;2;Датасеты, NRC EmoLex
боязливость;существительное;Страх;A;2;РуСентиЛекс, Алфавит эмоций
боязливый;прилагательное;Страх;A;2;РуСентиЛекс, Алфавит эмоций
боязнь;существительное;Страх;AB;5;Датасеты, НКРЯ, Русский семантический словарь, РуСентиЛекс, Алфавит эмоций
бояться;глагол;Страх;AB;4;Датасеты, НКРЯ, РуСентиЛекс, Алфавит эмоций
брезгливость;существительное;Злость;A;2;Русский семантический словарь, РуСентиЛекс
брезгливый;прилагательное;Злость;AB;2;NRC EmoLex, РуСентиЛекс
вдохновение;существительное;Радость;AB;2;NRC EmoLex, РуСентиЛекс
вдохновенье;существительное;Радость;A;2;НКРЯ, РуСентиЛекс
вдохновляться;глагол;Радость;A;2;НКРЯ, РуСентиЛекс
вера;существительное;Радость;AB;2;NRC EmoLex, РуСентиЛекс
веселить;глагол;Радость;AB;3;Датасеты, НКРЯ, Алфавит эмоций
веселиться;глагол;Радость;AB;4;Датасеты, НКРЯ, РуСентиЛекс, Алфавит эмоций
весело;наречие;Радость;AB;2;NRC EmoLex, Алфавит эмоций
веселье;существительное;Радость;AB;6;ENRuN, NRC EmoLex, НКРЯ, Русский семантический словарь, РуСентиЛекс, Алфавит эмоций
взаимность;существительное;Радость;AB;3;ENRuN, НКРЯ, Русский семантический словарь
взбадриваться;глагол;Радость;A;2;РуСентиЛекс, Алфавит эмоций
взбеленить;глагол;Злость;A;2;НКРЯ, Алфавит эмоций
взбелениться;глагол;Злость;A;2;НКРЯ, Алфавит эмоций
взбесить;глагол;Злость;A;2;НКРЯ, Алфавит эмоций
взбеситься;глагол;Злость;A;3;НКРЯ, РуСентиЛекс, Алфавит эмоций
взбодриться;глагол;Радость;A;2;РуСентиЛекс, Алфавит эмоций
взволнованность;существительное;Страх;A;2;НКРЯ, РуСентиЛекс
взволнованный;прилагательное;Страх;AB;2;NRC EmoLex, РуСентиЛекс
взволновать;глагол;Страх;A;2;НКРЯ, РуСентиЛекс
взволноваться;глагол;Страх;A;2;НКРЯ, РуСентиЛекс
взвыть;глагол;Грусть;A;2;РуСентиЛекс, Алфавит эмоций
взгрустнуть;глагол;Грусть;A;2;РуСентиЛекс, Алфавит эмоций
взорвать;глагол;Злость;AB;3;Датасеты, NRC EmoLex, Алфавит эмоций
взорваться;глагол;Злость;AB;3;NRC EmoLex, РуСентиЛекс, Алфавит эмоций
взъяриться;глагол;Злость;A;2;НКРЯ, Алфавит эмоций
вина;существительное;Грусть;AB;2;NRC EmoLex, Русский семантический словарь
вкусный;прилагательное;Радость;AB;2;NRC EmoLex, РуСентиЛекс
влюбленность;существительное;Радость;A;3;НКРЯ, Русский семантический словарь, РуСентиЛекс
возвеселиться;глагол;Радость;A;2;РуСентиЛекс, Алфавит эмоций
возликовать;глагол;Радость;A;3;НКРЯ, РуСентиЛекс, Алфавит эмоций
возмутить;глагол;Злость;AB;3;Датасеты, НКРЯ, Алфавит эмоций
возмутиться;глагол;Злость;A;3;НКРЯ, РуСентиЛекс, Алфавит эмоций
возмущать;глагол;Злость;A;2;НКРЯ, Алфавит эмоций
возмущаться;глагол;Злость;AB;4;NRC EmoLex, НКРЯ, РуСентиЛекс, Алфавит эмоций
возмущение;существительное;Злость;AB;5;NRC EmoLex, НКРЯ, Русский семантический словарь, РуСентиЛекс, Алфавит эмоций
вознегодовать;глагол;Злость;A;3;НКРЯ, РуСентиЛекс, Алфавит эмоций
возненавидеть;глагол;Злость;AB;3;Датасеты, НКРЯ, РуСентиЛекс
возрадоваться;глагол;Радость;AB;4;Датасеты, НКРЯ, РуСентиЛекс, Алфавит эмоций
возрождение;существительное;Радость;AB;2;NRC EmoLex, РуСентиЛекс
возрыдать;глагол;Грусть;A;2;РуСентиЛекс, Алфавит эмоций
волнение;существительное;Страх;AB;3;NRC EmoLex, НКРЯ, РуСентиЛекс
волновать;глагол;Страх;A;2;НКРЯ, РуСентиЛекс
волноваться;глагол;Страх;AB;4;Датасеты, NRC EmoLex, НКРЯ, РуСентиЛекс
волшебный;прилагательное;Удивление;AB;2;NRC EmoLex, Алфавит эмоций
воодушевиться;глагол;Радость;A;2;НКРЯ, РуСентиЛекс
воодушевление;существительное;Радость;A;2;НКРЯ, РуСентиЛекс
вопль;существительное;Страх;AB;3;Датасеты, NRC EmoLex, Алфавит эмоций
воскресать;глагол;Радость;A;2;РуСентиЛекс, Алфавит эмоций
воскресить;глагол;Радость;A;2;РуСентиЛекс, Алфавит эмоций
воскреснуть;глагол;Радость;A;2;РуСентиЛекс, Алфавит эмоций
воскрешать;глагол;Радость;A;2;РуСентиЛекс, Алфавит эмоций
воспрянуть;глагол;Радость;A;2;РуСентиЛекс, Алфавит эмоций
восторг;существительное;Радость;AB;6;Датасеты, NRC EmoLex, НКРЯ, Русский семантический словарь, РуСентиЛекс, Алфавит эмоций
восторгать;глагол;Радость;A;3;НКРЯ, РуСентиЛекс, Алфавит эмоций
восторгаться;глагол;Радость;A;3;НКРЯ, РуСентиЛекс, Алфавит эмоций
восторженность;существительное;Радость;A;2;Русский семантический словарь, Алфавит эмоций
восторженный;прилагательное;Радость;AB;2;NRC EmoLex, Алфавит эмоций
восхитительный;прилагательное;Радость;AB;2;NRC EmoLex, Алфавит эмоций
восхитить;глагол;Радость;A;3;НКРЯ, РуСентиЛекс, Алфавит эмоций
восхититься;глагол;Радость;A;3;НКРЯ, РуСентиЛекс, Алфавит эмоций
восхищать;глагол;Радость;A;3;НКРЯ, РуСентиЛекс, Алфавит эмоций
восхищаться;глагол;Радость;A;3;НКРЯ, РуСентиЛекс, Алфавит эмоций
восхищение;существительное;Радость;AB;5;NRC EmoLex, НКРЯ, Русский семантический словарь, РуСентиЛекс, Алфавит эмоций
восхищенный;прилагательное;Радость;AB;2;NRC EmoLex, РуСентиЛекс
вражда;существительное;Злость;AB;3;ENRuN, NRC EmoLex, Русский семантический словарь
враждебность;существительное;Злость;AB;2;NRC EmoLex, Русский семантический словарь
вредный;прилагательное;Злость;AB;2;NRC EmoLex, Алфавит эмоций
вспылить;глагол;Злость;A;2;НКРЯ, Алфавит эмоций
вспыльчивость;существительное;Злость;AB;2;ENRuN, Алфавит эмоций
встревоженный;прилагательное;Страх;A;2;РуСентиЛекс, Алфавит эмоций
встревожить;глагол;Страх;AB;4;Датасеты, НКРЯ, РуСентиЛекс, Алфавит эмоций
встревожиться;глагол;Страх;A;2;НКРЯ, РуСентиЛекс
встряхиваться;глагол;Радость;A;2;РуСентиЛекс, Алфавит эмоций
встряхнуться;глагол;Радость;A;2;РуСентиЛекс, Алфавит эмоций
выздоровление;существительное;Радость;AB;2;NRC EmoLex, РуСентиЛекс
выигрыш;существительное;Радость;B;2;ENRuN, NRC EmoLex
выматывать;глагол;Грусть;A;2;РуСентиЛекс, Алфавит эмоций
вымотать;глагол;Грусть;A;2;РуСентиЛекс, Алфавит эмоций
выстрадать;глагол;Грусть;A;2;НКРЯ, Алфавит эмоций
вытерпеть;глагол;Грусть;A;2;НКРЯ, Алфавит эмоций
гадливость;существительное;Злость;A;2;Русский семантический словарь, РуСентиЛекс
глушить;глагол;Удивление;AB;2;NRC EmoLex, Алфавит эмоций
гнев;существительное;Злость;AB;4;Датасеты, NRC EmoLex, Русский семантический словарь, Алфавит эмоций
гневаться;глагол;Злость;A;3;НКРЯ, РуСентиЛекс, Алфавит эмоций
гневить;глагол;Злость;A;2;НКРЯ, Алфавит эмоций
гнести;глагол;Грусть;A;2;РуСентиЛекс, Алфавит эмоций
гордиться;глагол;Радость;A;2;НКРЯ, РуСентиЛекс
гордость;существительное;Радость;AB;3;NRC EmoLex, Русский семантический словарь, РуСентиЛекс
гордый;прилагательное;Радость;AB;2;NRC EmoLex, РуСентиЛекс
горе;существительное;Грусть;AB;6;Датасеты, NRC EmoLex, НКРЯ, Русский семантический словарь, РуСентиЛекс, Алфавит эмоций
горевать;глагол;Грусть;AB;4;NRC EmoLex, НКРЯ, РуСентиЛекс, Алфавит эмоций
горестный;прилагательное;Грусть;AB;2;NRC EmoLex, Алфавит эмоций
горесть;существительное;Грусть;A;4;НКРЯ, Русский семантический словарь, РуСентиЛекс, Алфавит эмоций
горечь;существительное;Грусть;AB;5;NRC EmoLex, НКРЯ, Русский семантический словарь, РуСентиЛекс, Алфавит эмоций
горький;прилагательное;Грусть;A;2;РуСентиЛекс, Алфавит эмоций
горько;наречие;Грусть;AB;2;NRC EmoLex, Алфавит эмоций
горюшко;существительное;Грусть;A;2;НКРЯ, Алфавит эмоций
горячий;прилагательное;Злость;AB;2;NRC EmoLex, Алфавит эмоций
грозный;прилагательное;Злость;AB;2;NRC EmoLex, Алфавит эмоций
грустинка;существительное;Грусть;A;2;НКРЯ, Русский семантический словарь
грустить;глагол;Грусть;AB;4;Датасеты, НКРЯ, РуСентиЛекс, Алфавит эмоций
грустно;наречие;Грусть;AB;3;Датасеты, NRC EmoLex, Алфавит эмоций
грустный;прилагательное;Грусть;AB;2;Датасеты, Алфавит эмоций
грусть;существительное;Грусть;AB;6;Датасеты, NRC EmoLex, НКРЯ, Русский семантический словарь, РуСентиЛекс, Алфавит эмоций
губительный;прилагательное;Грусть;AB;2;NRC EmoLex, Алфавит эмоций
давить;глагол;Грусть;A;2;РуСентиЛекс, Алфавит эмоций
демонический;прилагательное;Злость;AB;2;NRC EmoLex, Алфавит эмоций
депрессивный;прилагательное;Грусть;AB;2;NRC EmoLex, Алфавит эмоций
депрессия;существительное;Грусть;AB;4;ENRuN, Датасеты, NRC EmoLex, Алфавит эмоций
дивить;глагол;Удивление;A;2;НКРЯ, Алфавит эмоций
дивиться;глагол;Удивление;A;2;НКРЯ, Алфавит эмоций
дикий;прилагательное;Удивление;AB;2;NRC EmoLex, Алфавит эмоций
дико;наречие;Удивление;AB;2;Датасеты, Алфавит эмоций
дикость;существительное;Удивление;B;2;ENRuN, NRC EmoLex
доброжелательность;существительное;Радость;AB;2;NRC EmoLex, Русский семантический словарь
довольный;прилагательное;Радость;AB;2;NRC EmoLex, Алфавит эмоций
довольство;существительное;Радость;A;4;НКРЯ, Русский семантический словарь, РуСентиЛекс, Алфавит эмоций
домучиться;глагол;Грусть;A;2;РуСентиЛекс, Алфавит эмоций
досада;существительное;Злость;AB;4;NRC EmoLex, НКРЯ, Русский семантический словарь, РуСентиЛекс
досадный;прилагательное;Злость;A;2;РуСентиЛекс, Алфавит эмоций
досадовать;глагол;Злость;A;3;НКРЯ, РуСентиЛекс, Алфавит эмоций
доставать;глагол;Грусть;A;2;РуСентиЛекс, Алфавит эмоций
достать;глагол;Грусть;AB;3;Датасеты, РуСентиЛекс, Алфавит эмоций
достоинство;существительное;Радость;AB;2;ENRuN, РуСентиЛекс
дрейфить;глагол;Страх;A;3;НКРЯ, РуСентиЛекс, Алфавит эмоций
дрожать;глагол;Страх;AB;4;Датасеты, НКРЯ, РуСентиЛекс, Алфавит эмоций
дрожь;существительное;Страх;AB;2;NRC EmoLex, РуСентиЛекс
дружба;существительное;Радость;B;2;ENRuN, NRC EmoLex
дружелюбие;существительное;Радость;AB;3;ENRuN, NRC EmoLex, Русский семантический словарь
дуться;глагол;Злость;A;3;НКРЯ, РуСентиЛекс, Алфавит эмоций
душераздирающий;прилагательное;Грусть;AB;2;Датасеты, Алфавит эмоций
дьявольский;прилагательное;Страх;AB;3;Датасеты, NRC EmoLex, Алфавит эмоций
жалеть;глагол;Грусть;A;2;НКРЯ, РуСентиЛекс
жалкий;прилагательное;Грусть;AB;3;Датасеты, NRC EmoLex, Алфавит эмоций
жалобный;прилагательное;Грусть;AB;2;NRC EmoLex, Алфавит эмоций
жалость;существительное;Грусть;AB;5;ENRuN, NRC EmoLex, НКРЯ, Русский семантический словарь, РуСентиЛекс
жгучий;прилагательное;Грусть;A;2;РуСентиЛекс, Алфавит эмоций
желчность;существительное;Злость;A;2;Русский семантический словарь, Алфавит эмоций
жёлчность;существительное;Злость;A;2;Русский семантический словарь, Алфавит эмоций
желчь;существительное;Злость;AB;5;ENRuN, NRC EmoLex, НКРЯ, Русский семантический словарь, Алфавит эмоций
жёлчь;существительное;Злость;A;2;Русский семантический словарь, Алфавит эмоций
жертва;существительное;Грусть;AB;2;NRC EmoLex, Алфавит эмоций
жестокий;прилагательное;Злость;B;2;Датасеты, NRC EmoLex
жестоко;наречие;Злость;B;2;Датасеты, NRC EmoLex
жестокость;существительное;Злость;B;2;ENRuN, NRC EmoLex
жечь;глагол;Грусть;A;2;РуСентиЛекс, Алфавит эмоций
живой;прилагательное;Радость;AB;2;NRC EmoLex, Алфавит эмоций
жуткий;прилагательное;Страх;AB;2;Датасеты, Алфавит эмоций
жутко;наречие;Страх;AB;2;Датасеты, Алфавит эмоций
жуть;существительное;Страх;AB;4;Датасеты, НКРЯ, Русский семантический словарь, Алфавит эмоций
забава;существительное;Радость;AB;2;ENRuN, Алфавит эмоций
забавный;прилагательное;Радость;AB;2;Датасеты, Алфавит эмоций
забеспокоиться;глагол;Страх;A;2;НКРЯ, РуСентиЛекс
забота;существительное;Радость;AB;2;ENRuN, Русский семантический словарь
забояться;глагол;Страх;A;2;РуСентиЛекс, Алфавит эмоций
зависть;существительное;Злость;AB;4;Датасеты, НКРЯ, Русский семантический словарь, РуСентиЛекс
заволноваться;глагол;Страх;A;2;НКРЯ, РуСентиЛекс
загадочный;прилагательное;Страх;AB;3;Датасеты, NRC EmoLex, Алфавит эмоций
загоревать;глагол;Грусть;A;2;РуСентиЛекс, Алфавит эмоций
загрустить;глагол;Грусть;A;3;НКРЯ, РуСентиЛекс, Алфавит эмоций
задор;существительное;Радость;A;2;РуСентиЛекс, Алфавит эмоций
задорный;прилагательное;Радость;A;2;РуСентиЛекс, Алфавит эмоций
заинтересованность;существительное;Удивление;A;2;РуСентиЛекс, Алфавит эмоций
заинтересовать;глагол;Удивление;A;2;НКРЯ, Алфавит эмоций
закручиниться;глагол;Грусть;A;3;НКРЯ, РуСентиЛекс, Алфавит эмоций
заледенеть;глагол;Страх;A;2;РуСентиЛекс, Алфавит эмоций
замучиваться;глагол;Грусть;A;2;РуСентиЛекс, Алфавит эмоций
замучиться;глагол;Грусть;A;2;РуСентиЛекс, Алфавит эмоций
занимательный;прилагательное;Удивление;AB;2;NRC EmoLex, Алфавит эмоций
занудный;прилагательное;Грусть;AB;2;Датасеты, Алфавит эмоций
запальчивость;существительное;Злость;A;2;Русский семантический словарь, Алфавит эмоций
запуганный;прилагательное;Страх;A;2;РуСентиЛекс, Алфавит эмоций
запугать;глагол;Страх;A;2;НКРЯ, Алфавит эмоций
запугивать;глагол;Страх;AB;3;NRC EmoLex, НКРЯ, Алфавит эмоций
заскучать;глагол;Грусть;A;2;НКРЯ, РуСентиЛекс
застенчивый;прилагательное;Страх;AB;3;NRC EmoLex, РуСентиЛекс, Алфавит эмоций
застращать;глагол;Страх;A;2;НКРЯ, Алфавит эмоций
затосковать;глагол;Грусть;A;3;НКРЯ, РуСентиЛекс, Алфавит эмоций
затравить;глагол;Грусть;AB;2;Датасеты, Алфавит эмоций
захандрить;глагол;Грусть;A;2;РуСентиЛекс, Алфавит эмоций
захватывать;глагол;Удивление;AB;2;NRC EmoLex, Алфавит эмоций
звезда;существительное;Радость;AB;2;NRC EmoLex, Алфавит эмоций
злеть;глагол;Злость;A;2;РуСентиЛекс, Алфавит эмоций
злить;глагол;Злость;AB;3;Датасеты, НКРЯ, Алфавит эмоций
злиться;глагол;Злость;AB;4;Датасеты, НКРЯ, РуСентиЛекс, Алфавит эмоций
зло;существительное;Злость;AB;4;NRC EmoLex, НКРЯ, Русский семантический словарь, Алфавит эмоций
злоба;существительное;Злость;AB;6;Датасеты, NRC EmoLex, НКРЯ, Русский семантический словарь, РуСентиЛекс, Алфавит эмоций
злобиться;глагол;Злость;A;3;НКРЯ, РуСентиЛекс, Алфавит эмоций
злобность;существительное;Злость;A;2;РуСентиЛекс, Алфавит эмоций
злобный;прилагательное;Злость;AB;3;Датасеты, NRC EmoLex, Алфавит эмоций
злобствование;существительное;Злость;A;2;РуСентиЛекс, Алфавит эмоций
злобствовать;глагол;Злость;A;2;РуСентиЛекс, Алфавит эмоций
зловещий;прилагательное;Злость;AB;2;NRC EmoLex, Алфавит эмоций
злодей;существительное;Злость;AB;2;NRC EmoLex, Алфавит эмоций
злодейский;прилагательное;Злость;AB;2;NRC EmoLex, Алфавит эмоций
злодейство;существительное;Злость;AB;2;ENRuN, Алфавит эмоций
злой;прилагательное;Злость;AB;3;Датасеты, NRC EmoLex, Алфавит эмоций
злонамеренный;прилагательное;Злость;AB;2;NRC EmoLex, Алфавит эмоций
злорадный;прилагательное;Злость;AB;2;Датасеты, Алфавит эмоций
злорадство;существительное;Злость;A;4;НКРЯ, Русский семантический словарь, РуСентиЛекс, Алфавит эмоций
злорадствовать;глагол;Злость;AB;4;Датасеты, НКРЯ, РуСентиЛекс, Алфавит эмоций
злость;существительное;Злость;AB;6;Датасеты, NRC EmoLex, НКРЯ, Русский семантический словарь, РуСентиЛекс, Алфавит эмоций
злюка;существительное;Злость;AB;2;Датасеты, Алфавит эмоций
змей;существительное;Злость;AB;2;NRC EmoLex, Алфавит эмоций
змея;существительное;Злость;AB;2;NRC EmoLex, Алфавит эмоций
игривый;прилагательное;Радость;AB;2;NRC EmoLex, Алфавит эмоций
изверг;существительное;Грусть;AB;2;Датасеты, Алфавит эмоций
известись;глагол;Грусть;A;2;РуСентиЛекс, Алфавит эмоций
извинение;существительное;Радость;AB;2;Датасеты, РуСентиЛекс
изводиться;глагол;Грусть;A;2;РуСентиЛекс, Алфавит эмоций
изматывать;глагол;Грусть;A;2;РуСентиЛекс, Алфавит эмоций
изматываться;глагол;Грусть;A;2;РуСентиЛекс, Алфавит эмоций
измаяться;глагол;Грусть;A;2;РуСентиЛекс, Алфавит эмоций
измотать;глагол;Грусть;A;2;РуСентиЛекс, Алфавит эмоций
измотаться;глагол;Грусть;A;2;РуСентиЛекс, Алфавит эмоций
измочаливать;глагол;Грусть;A;2;РуСентиЛекс, Алфавит эмоций
измочалить;глагол;Грусть;A;2;РуСентиЛекс, Алфавит эмоций
измученный;прилагательное;Грусть;AB;2;NRC EmoLex, Алфавит эмоций
измучиться;глагол;Грусть;A;2;РуСентиЛекс, Алфавит эмоций
изнемогать;глагол;Грусть;A;2;РуСентиЛекс, Алфавит эмоций
изнеможение;существительное;Грусть;A;2;РуСентиЛекс, Алфавит эмоций
изнеможенный;прилагательное;Грусть;A;2;РуСентиЛекс, Алфавит эмоций
изнемочь;глагол;Грусть;A;2;РуСентиЛекс, Алфавит эмоций
изнервничаться;глагол;Страх;A;2;НКРЯ, РуСентиЛекс
изнурение;существительное;Грусть;A;2;РуСентиЛекс, Алфавит эмоций
изнурить;глагол;Грусть;A;2;РуСентиЛекс, Алфавит эмоций
изнурять;глагол;Грусть;A;2;РуСентиЛекс, Алфавит эмоций
изнывать;глагол;Грусть;A;2;РуСентиЛекс, Алфавит эмоций
изныть;глагол;Грусть;A;2;РуСентиЛекс, Алфавит эмоций
изумительный;прилагательное;Удивление;AB;3;Датасеты, NRC EmoLex, Алфавит эмоций
изумить;глагол;Удивление;A;2;НКРЯ, Алфавит эмоций
изумиться;глагол;Удивление;AB;3;Датасеты, НКРЯ, Алфавит эмоций
изумление;существительное;Удивление;AB;3;Датасеты, НКРЯ, Алфавит эмоций
изумленный;прилагательное;Удивление;AB;2;NRC EmoLex, Алфавит эмоций
изумлять;глагол;Удивление;A;2;НКРЯ, Алфавит эмоций
изумляться;глагол;Удивление;AB;4;Датасеты, НКРЯ, РуСентиЛекс, Алфавит эмоций
интерес;существительное;Удивление;A;2;РуСентиЛекс, Алфавит эмоций
интересный;прилагательное;Удивление;AB;2;Датасеты, Алфавит эмоций
интересоваться;глагол;Удивление;A;2;РуСентиЛекс, Алфавит эмоций
ирод;существительное;Грусть;AB;2;Датасеты, Алфавит эмоций
ирония;существительное;Радость;AB;2;Датасеты, Алфавит эмоций
испуг;существительное;Страх;AB;6;Датасеты, NRC EmoLex, НКРЯ, Русский семантический словарь, РуСентиЛекс, Алфавит эмоций
испуганный;прилагательное;Страх;AB;4;Датасеты, NRC EmoLex, РуСентиЛекс, Алфавит эмоций
испугать;глагол;Страх;AB;3;Датасеты, НКРЯ, Алфавит эмоций
испугаться;глагол;Страх;AB;4;Датасеты, НКРЯ, РуСентиЛекс, Алфавит эмоций
исстрадаться;глагол;Грусть;A;3;НКРЯ, РуСентиЛекс, Алфавит эмоций
истерзаться;глагол;Грусть;A;2;РуСентиЛекс, Алфавит эмоций
истома;существительное;Грусть;A;2;Русский семантический словарь, Алфавит эмоций
истомиться;глагол;Грусть;A;2;РуСентиЛекс, Алфавит эмоций
истосковаться;глагол;Грусть;A;3;НКРЯ, РуСентиЛекс, Алфавит эмоций
казниться;глагол;Грусть;A;2;РуСентиЛекс, Алфавит эмоций
кайф;существительное;Радость;A;3;Русский семантический словарь, РуСентиЛекс, Алфавит эмоций
камень;существительное;Грусть;AB;2;NRC EmoLex, Алфавит эмоций
катастрофический;прилагательное;Грусть;AB;2;NRC EmoLex, Алфавит эмоций
кипяток;существительное;Злость;AB;2;Датасеты, Алфавит эмоций
кислый;прилагательное;Грусть;AB;2;NRC EmoLex, Алфавит эмоций
киснуть;глагол;Грусть;A;2;РуСентиЛекс, Алфавит эмоций
коварный;прилагательное;Злость;AB;3;Датасеты, NRC EmoLex, Алфавит эмоций
коварство;существительное;Злость;AB;2;Датасеты, Алфавит эмоций
колоть;глагол;Злость;A;2;РуСентиЛекс, Алфавит эмоций
колючий;прилагательное;Злость;AB;2;NRC EmoLex, Алфавит эмоций
конфуз;существительное;Грусть;A;2;НКРЯ, Русский семантический словарь
конфузиться;глагол;Грусть;A;2;НКРЯ, РуСентиЛекс
кошмар;существительное;Страх;AB;6;ENRuN, Датасеты, NRC EmoLex, Русский семантический словарь, РуСентиЛекс, Алфавит эмоций
кошмарный;прилагательное;Страх;AB;3;Датасеты, РуСентиЛекс, Алфавит эмоций
красота;существительное;Удивление;AB;2;NRC EmoLex, Алфавит эмоций
кручина;существительное;Грусть;A;4;НКРЯ, Русский семантический словарь, РуСентиЛекс, Алфавит эмоций
кручиниться;глагол;Грусть;A;3;НКРЯ, РуСентиЛекс, Алфавит эмоций
кручинушка;существительное;Грусть;A;2;НКРЯ, Алфавит эмоций
культ;существительное;Страх;AB;4;ENRuN, Датасеты, NRC EmoLex, РуСентиЛекс
лёгкость;существительное;Радость;AB;2;ENRuN, Алфавит эмоций
леденеть;глагол;Страх;A;2;РуСентиЛекс, Алфавит эмоций
леденить;глагол;Страх;A;2;РуСентиЛекс, Алфавит эмоций
ликование;существительное;Радость;AB;6;ENRuN, NRC EmoLex, НКРЯ, Русский семантический словарь, РуСентиЛекс, Алфавит эмоций
ликовать;глагол;Радость;A;3;НКРЯ, РуСентиЛекс, Алфавит эмоций
ликующий;прилагательное;Радость;AB;2;NRC EmoLex, Алфавит эмоций
липкий;прилагательное;Грусть;AB;2;NRC EmoLex, Алфавит эмоций
льстить;глагол;Радость;A;2;РуСентиЛекс, Алфавит эмоций
любимый;прилагательное;Радость;B;2;Датасеты, NRC EmoLex
любить;глагол;Радость;AB;3;Датасеты, НКРЯ, РуСентиЛекс
любоваться;глагол;Радость;A;2;РуСентиЛекс, Алфавит эмоций
любовь;существительное;Радость;AB;4;NRC EmoLex, НКРЯ, Русский семантический словарь, РуСентиЛекс
любопытство;существительное;Радость;AB;2;NRC EmoLex, РуСентиЛекс
мажор;существительное;Радость;A;2;РуСентиЛекс, Алфавит эмоций
мажорный;прилагательное;Радость;A;2;РуСентиЛекс, Алфавит эмоций
маяться;глагол;Грусть;A;2;РуСентиЛекс, Алфавит эмоций
меланхолический;прилагательное;Грусть;A;2;РуСентиЛекс, Алфавит эмоций
меланхоличный;прилагательное;Грусть;AB;2;NRC EmoLex, Алфавит эмоций
меланхолия;существительное;Грусть;AB;5;NRC EmoLex, НКРЯ, Русский семантический словарь, РуСентиЛекс, Алфавит эмоций
мерехлюндия;существительное;Грусть;A;3;НКРЯ, Русский семантический словарь, Алфавит эмоций
мерзость;существительное;Злость;B;2;ENRuN, NRC EmoLex
месть;существительное;Злость;AB;3;ENRuN, NRC EmoLex, Алфавит эмоций
мечтание;существительное;Радость;AB;2;ENRuN, РуСентиЛекс
мечтательность;существительное;Радость;AB;3;ENRuN, NRC EmoLex, РуСентиЛекс
мечтать;глагол;Радость;AB;2;Датасеты, РуСентиЛекс
милость;существительное;Радость;A;2;Русский семантический словарь, РуСентиЛекс
минор;существительное;Грусть;A;3;НКРЯ, РуСентиЛекс, Алфавит эмоций
минорный;прилагательное;Грусть;A;2;РуСентиЛекс, Алфавит эмоций
мрак;существительное;Грусть;AB;3;NRC EmoLex, Русский семантический словарь, Алфавит эмоций
мрачность;существительное;Грусть;AB;3;ENRuN, Русский семантический словарь, Алфавит эмоций
мрачный;прилагательное;Грусть;AB;3;Датасеты, NRC EmoLex, Алфавит эмоций
мстительный;прилагательное;Злость;AB;2;NRC EmoLex, Алфавит эмоций
мука;существительное;Грусть;A;4;НКРЯ, Русский семантический словарь, РуСентиЛекс, Алфавит эмоций
мучение;существительное;Грусть;A;4;НКРЯ, Русский семантический словарь, РуСентиЛекс, Алфавит эмоций
мученик;существительное;Грусть;AB;2;NRC EmoLex, Алфавит эмоций
мученический;прилагательное;Грусть;A;2;РуСентиЛекс, Алфавит эмоций
мученичество;существительное;Грусть;AB;2;NRC EmoLex, Алфавит эмоций
мучительный;прилагательное;Грусть;AB;3;NRC EmoLex, РуСентиЛекс, Алфавит эмоций
мучить;глагол;Грусть;AB;2;NRC EmoLex, Алфавит эмоций
мучиться;глагол;Грусть;AB;3;Датасеты, РуСентиЛекс, Алфавит эмоций
мытарство;существительное;Грусть;A;2;РуСентиЛекс, Алфавит эмоций
мягкость;существительное;Радость;AB;2;ENRuN, РуСентиЛекс
навязчивый;прилагательное;Грусть;AB;2;NRC EmoLex, Алфавит эмоций
надеяться;глагол;Радость;AB;3;Датасеты, NRC EmoLex, РуСентиЛекс
надивиться;глагол;Удивление;A;2;НКРЯ, Алфавит эмоций
надлом;существительное;Грусть;A;2;НКРЯ, Алфавит эмоций
надоедать;глагол;Грусть;A;2;РуСентиЛекс, Алфавит эмоций
надоесть;глагол;Грусть;A;2;РуСентиЛекс, Алфавит эмоций
надрыв;существительное;Грусть;A;2;НКРЯ, Алфавит эмоций
надуться;глагол;Злость;A;2;НКРЯ, РуСентиЛекс
намучиться;глагол;Грусть;A;2;РуСентиЛекс, Алфавит эмоций
намыкаться;глагол;Грусть;A;2;РуСентиЛекс, Алфавит эмоций
напугать;глагол;Страх;AB;4;Датасеты, NRC EmoLex, НКРЯ, Алфавит эмоций
напугаться;глагол;Страх;AB;4;Датасеты, НКРЯ, РуСентиЛекс, Алфавит эмоций
нарадоваться;глагол;Радость;A;2;РуСентиЛекс, Алфавит эмоций
наскучивать;глагол;Грусть;A;2;НКРЯ, Алфавит эмоций
наскучить;глагол;Грусть;A;2;РуСентиЛекс, Алфавит эмоций
насладиться;глагол;Радость;A;3;НКРЯ, РуСентиЛекс, Алфавит эмоций
наслаждаться;глагол;Радость;AB;5;Датасеты, NRC EmoLex, НКРЯ, РуСентиЛекс, Алфавит эмоций
наслаждение;существительное;Радость;AB;4;Датасеты, НКРЯ, Русский семантический словарь, РуСентиЛекс
насмехаться;глагол;Радость;AB;2;NRC EmoLex, Алфавит эмоций
насмешка;существительное;Радость;AB;2;NRC EmoLex, Алфавит эмоций
насмешливый;прилагательное;Радость;AB;2;NRC EmoLex, Алфавит эмоций
настрадаться;глагол;Грусть;A;2;РуСентиЛекс, Алфавит эмоций
насытиться;глагол;Радость;A;2;РуСентиЛекс, Алфавит эмоций
насыщаться;глагол;Радость;A;2;РуСентиЛекс, Алфавит эмоций
натерпеться;глагол;Грусть;A;3;НКРЯ, РуСентиЛекс, Алфавит эмоций
невероятный;прилагательное;Удивление;AB;2;Датасеты, Алфавит эмоций
невзлюбить;глагол;Злость;A;2;НКРЯ, РуСентиЛекс
невозможно;наречие;Грусть;AB;2;NRC EmoLex, Алфавит эмоций
невроз;существительное;Страх;AB;2;NRC EmoLex, РуСентиЛекс
невыносимый;прилагательное;Грусть;AB;3;Датасеты, NRC EmoLex, Алфавит эмоций
нега;существительное;Радость;A;3;Русский семантический словарь, РуСентиЛекс, Алфавит эмоций
негодование;существительное;Злость;AB;4;NRC EmoLex, Русский семантический словарь, РуСентиЛекс, Алфавит эмоций
негодовать;глагол;Злость;A;3;НКРЯ, РуСентиЛекс, Алфавит эмоций
недоброжелательность;существительное;Злость;A;3;Русский семантический словарь, РуСентиЛекс, Алфавит эмоций
недобрый;прилагательное;Злость;AB;2;NRC EmoLex, Алфавит эмоций
недовольство;существительное;Грусть;A;3;ENRuN, NRC EmoLex, Русский семантический словарь
недолюбливать;глагол;Злость;A;2;НКРЯ, РуСентиЛекс
недоумевать;глагол;Удивление;AB;2;Датасеты, Алфавит эмоций
недоумение;существительное;Удивление;AB;3;Датасеты, NRC EmoLex, Алфавит эмоций
недружелюбие;существительное;Злость;A;2;Русский семантический словарь, РуСентиЛекс
недружелюбный;прилагательное;Злость;AB;2;NRC EmoLex, РуСентиЛекс
недуг;существительное;Грусть;AB;2;ENRuN, Алфавит эмоций
нежность;существительное;Радость;AB;3;NRC EmoLex, Русский семантический словарь, Алфавит эмоций
неинтересный;прилагательное;Грусть;AB;2;NRC EmoLex, Алфавит эмоций
нелепый;прилагательное;Злость;AB;3;Датасеты, NRC EmoLex, Алфавит эмоций
неловкость;существительное;Грусть;AB;3;NRC EmoLex, Русский семантический словарь, РуСентиЛекс
нелюбовь;существительное;Злость;AB;3;ENRuN, Русский семантический словарь, РуСентиЛекс
ненавидеть;глагол;Злость;AB;4;Датасеты, NRC EmoLex, НКРЯ, РуСентиЛекс
ненавистник;существительное;Злость;AB;3;ENRuN, Датасеты, Алфавит эмоций
ненавистничество;существительное;Злость;A;2;Русский семантический словарь, РуСентиЛекс
ненавистный;прилагательное;Злость;AB;2;NRC EmoLex, РуСентиЛекс
ненависть;существительное;Злость;AB;4;Датасеты, NRC EmoLex, Русский семантический словарь, РуСентиЛекс
необузданный;прилагательное;Злость;AB;2;NRC EmoLex, Алфавит эмоций
необъяснимый;прилагательное;Удивление;AB;2;NRC EmoLex, Алфавит эмоций
необычный;прилагательное;Удивление;AB;2;Датасеты, Алфавит эмоций
неприязненность;существительное;Злость;A;2;Русский семантический словарь, РуСентиЛекс
неприязнь;существительное;Злость;A;2;Русский семантический словарь, РуСентиЛекс
неприятный;прилагательное;Злость;B;2;Датасеты, NRC EmoLex
нерасположение;существительное;Злость;A;2;Русский семантический словарь, РуСентиЛекс
нервировать;глагол;Страх;A;2;НКРЯ, РуСентиЛекс
нервничать;глагол;Страх;AB;3;Датасеты, НКРЯ, РуСентиЛекс
нервозность;существительное;Страх;AB;2;NRC EmoLex, Русский семантический словарь
несчастливый;прилагательное;Грусть;AB;2;NRC EmoLex, Алфавит эмоций
несчастный;прилагательное;Грусть;AB;3;Датасеты, NRC EmoLex, Алфавит эмоций
несчастье;существительное;Грусть;AB;2;NRC EmoLex, Алфавит эмоций
нетерпимость;существительное;Грусть;AB;2;NRC EmoLex, Алфавит эмоций
нетерпимый;прилагательное;Грусть;AB;2;NRC EmoLex, Алфавит эмоций
неудачный;прилагательное;Грусть;AB;2;NRC EmoLex, Алфавит эмоций
неудовлетворение;существительное;Злость;A;2;Русский семантический словарь, РуСентиЛекс
неудовлетворенный;прилагательное;Злость;AB;2;NRC EmoLex, РуСентиЛекс
неудовольствие;существительное;Злость;AB;2;NRC EmoLex, Русский семантический словарь
нехороший;прилагательное;Злость;AB;2;Датасеты, Алфавит эмоций
никнуть;глагол;Грусть;A;2;РуСентиЛекс, Алфавит эмоций
нирвана;существительное;Радость;AB;2;Датасеты, Алфавит эмоций
ностальгический;прилагательное;Грусть;A;2;РуСентиЛекс, Алфавит эмоций
ностальгия;существительное;Грусть;A;3;Русский семантический словарь, РуСентиЛекс, Алфавит эмоций
обалдевать;глагол;Радость;A;3;НКРЯ, РуСентиЛекс, Алфавит эмоций
обалдеть;глагол;Радость;AB;3;Датасеты, НКРЯ, РуСентиЛекс
обездоленный;прилагательное;Грусть;AB;2;NRC EmoLex, Алфавит эмоций
обеспокоенный;прилагательное;Страх;AB;2;NRC EmoLex, РуСентиЛекс
обеспокоить;глагол;Страх;AB;2;Датасеты, РуСентиЛекс
обеспокоиться;глагол;Страх;A;2;НКРЯ, РуСентиЛекс
обжечься;глагол;Грусть;AB;2;Датасеты, РуСентиЛекс
обида;существительное;Грусть;AB;4;NRC EmoLex, НКРЯ, Русский семантический словарь, РуСентиЛекс
обидеть;глагол;Грусть;AB;3;Датасеты, NRC EmoLex, НКРЯ
обидеться;глагол;Грусть;AB;3;Датасеты, НКРЯ, РуСентиЛекс
обидный;прилагательное;Грусть;AB;3;Датасеты, NRC EmoLex, РуСентиЛекс
обижаться;глагол;Грусть;AB;3;Датасеты, НКРЯ, РуСентиЛекс
обиженность;существительное;Грусть;A;2;Русский семантический словарь, РуСентиЛекс
облегчение;существительное;Радость;A;2;Русский семантический словарь, РуСентиЛекс
обмереть;глагол;Грусть;A;2;НКРЯ, Алфавит эмоций
обмирать;глагол;Грусть;A;2;НКРЯ, Алфавит эмоций
ободриться;глагол;Радость;A;2;РуСентиЛекс, Алфавит эмоций
ободряться;глагол;Радость;A;2;РуСентиЛекс, Алфавит эмоций
обожание;существительное;Радость;AB;4;ENRuN, NRC EmoLex, НКРЯ, Русский семантический словарь
обожать;глагол;Радость;AB;3;Датасеты, NRC EmoLex, НКРЯ
обозлить;глагол;Злость;A;2;НКРЯ, Алфавит эмоций
обозлиться;глагол;Злость;A;3;НКРЯ, РуСентиЛекс, Алфавит эмоций
обрадовать;глагол;Радость;A;2;НКРЯ, Алфавит эмоций
обрадоваться;глагол;Радость;AB;4;Датасеты, НКРЯ, РуСентиЛекс, Алфавит эмоций
обременительный;прилагательное;Грусть;AB;2;NRC EmoLex, Алфавит эмоций
огорчать;глагол;Грусть;AB;3;Датасеты, РуСентиЛекс, Алфавит эмоций
огорчаться;глагол;Грусть;A;2;РуСентиЛекс, Алфавит эмоций
огорчение;существительное;Грусть;AB;5;Датасеты, NRC EmoLex, Русский семантический словарь, РуСентиЛекс, Алфавит эмоций
огорчительный;прилагательное;Грусть;AB;2;NRC EmoLex, Алфавит эмоций
огорчить;глагол;Грусть;AB;4;Датасеты, НКРЯ, РуСентиЛекс, Алфавит эмоций
огорчиться;глагол;Грусть;A;3;НКРЯ, РуСентиЛекс, Алфавит эмоций
ожесточение;существительное;Злость;A;3;Русский семантический словарь, РуСентиЛекс, Алфавит эмоций
оживить;глагол;Радость;AB;2;NRC EmoLex, Алфавит эмоций
озарение;существительное;Радость;AB;2;ENRuN, РуСентиЛекс
озлить;глагол;Злость;A;3;НКРЯ, РуСентиЛекс, Алфавит эмоций
озлиться;глагол;Злость;A;3;НКРЯ, РуСентиЛекс, Алфавит эмоций
озлобить;глагол;Злость;A;3;НКРЯ, РуСентиЛекс, Алфавит эмоций
озлобиться;глагол;Злость;A;3;НКРЯ, РуСентиЛекс, Алфавит эмоций
озлобление;существительное;Злость;A;3;Русский семантический словарь, РуСентиЛекс, Алфавит эмоций
озлобленность;существительное;Злость;A;3;Русский семантический словарь, РуСентиЛекс, Алфавит эмоций
озлобленный;прилагательное;Злость;A;2;РуСентиЛекс, Алфавит эмоций
озлоблять;глагол;Злость;A;2;РуСентиЛекс, Алфавит эмоций
озлобляться;глагол;Злость;A;2;РуСентиЛекс, Алфавит эмоций
окрылить;глагол;Радость;A;2;НКРЯ, РуСентиЛекс
окрылиться;глагол;Радость;A;2;НКРЯ, РуСентиЛекс
окрыситься;глагол;Злость;A;2;РуСентиЛекс, Алфавит эмоций
омерзение;существительное;Злость;A;2;Русский семантический словарь, РуСентиЛекс
омрачать;глагол;Грусть;A;2;РуСентиЛекс, Алфавит эмоций
омрачаться;глагол;Грусть;A;2;РуСентиЛекс, Алфавит эмоций
омрачить;глагол;Грусть;A;2;РуСентиЛекс, Алфавит эмоций
омрачиться;глагол;Грусть;A;2;РуСентиЛекс, Алфавит эмоций
опасаться;глагол;Страх;AB;3;Датасеты, РуСентиЛекс, Алфавит эмоций
опасение;существительное;Страх;AB;5;Датасеты, NRC EmoLex, Русский семантический словарь, РуСентиЛекс, Алфавит эмоций
опаска;существительное;Страх;A;3;НКРЯ, Русский семантический словарь, Алфавит эмоций
опасный;прилагательное;Грусть;AB;3;Датасеты, NRC EmoLex, Алфавит эмоций
опечаливать;глагол;Грусть;A;2;НКРЯ, Алфавит эмоций
опечалить;глагол;Грусть;AB;4;Датасеты, НКРЯ, РуСентиЛекс, Алфавит эмоций
опечалиться;глагол;Грусть;A;3;НКРЯ, РуСентиЛекс, Алфавит эмоций
оплакать;глагол;Грусть;A;2;РуСентиЛекс, Алфавит эмоций
оплакивать;глагол;Грусть;AB;3;NRC EmoLex, РуСентиЛекс, Алфавит эмоций
опостылеть;глагол;Грусть;A;2;РуСентиЛекс, Алфавит эмоций
оптимизм;существительное;Радость;AB;3;NRC EmoLex, РуСентиЛекс, Алфавит эмоций
оптимист;существительное;Радость;AB;2;Датасеты, Алфавит эмоций
оптимистический;прилагательное;Радость;A;2;РуСентиЛекс, Алфавит эмоций
оптимистичность;существительное;Радость;A;2;РуСентиЛекс, Алфавит эмоций
оптимистичный;прилагательное;Радость;A;2;РуСентиЛекс, Алфавит эмоций
опупеть;глагол;Удивление;A;2;НКРЯ, Алфавит эмоций
опьянеть;глагол;Радость;A;2;РуСентиЛекс, Алфавит эмоций
оригинальность;существительное;Удивление;AB;2;NRC EmoLex, Алфавит эмоций
освежать;глагол;Радость;A;2;РуСентиЛекс, Алфавит эмоций
освежаться;глагол;Радость;A;2;РуСентиЛекс, Алфавит эмоций
освежить;глагол;Радость;A;2;РуСентиЛекс, Алфавит эмоций
освежиться;глагол;Радость;A;2;РуСентиЛекс, Алфавит эмоций
освещать;глагол;Радость;AB;2;NRC EmoLex, Алфавит эмоций
осердиться;глагол;Злость;A;2;НКРЯ, РуСентиЛекс
осерчать;глагол;Злость;A;3;НКРЯ, РуСентиЛекс, Алфавит эмоций
ослепить;глагол;Грусть;A;2;РуСентиЛекс, Алфавит эмоций
осознавать;глагол;Радость;AB;2;Датасеты, РуСентиЛекс
остервенение;существительное;Злость;A;3;НКРЯ, Русский семантический словарь, Алфавит эмоций
остолбенеть;глагол;Грусть;AB;2;Датасеты, Алфавит эмоций
осторожно;наречие;Страх;B;2;Датасеты, NRC EmoLex
осторожность;существительное;Страх;AB;2;NRC EmoLex, Алфавит эмоций
осточертеть;глагол;Грусть;A;2;РуСентиЛекс, Алфавит эмоций
отвращение;существительное;Злость;AB;4;ENRuN, NRC EmoLex, Русский семантический словарь, РуСентиЛекс
отпугивать;глагол;Страх;A;2;НКРЯ, Алфавит эмоций
отрада;существительное;Радость;A;3;Русский семантический словарь, РуСентиЛекс, Алфавит эмоций
отчаиваться;глагол;Грусть;A;2;РуСентиЛекс, Алфавит эмоций
отчаяние;существительное;Грусть;AB;6;ENRuN, NRC EmoLex, НКРЯ, Русский семантический словарь, РуСентиЛекс, Алфавит эмоций
отчаянье;существительное;Грусть;A;2;НКРЯ, РуСентиЛекс
отчаяться;глагол;Грусть;A;3;НКРЯ, РуСентиЛекс, Алфавит эмоций
отчуждение;существительное;Злость;AB;3;NRC EmoLex, Русский семантический словарь, РуСентиЛекс
офигенный;прилагательное;Удивление;AB;2;Датасеты, Алфавит эмоций
ошеломить;глагол;Удивление;AB;3;Датасеты, НКРЯ, Алфавит эмоций
ошеломление;существительное;Удивление;A;2;НКРЯ, Алфавит эмоций
ошеломленный;прилагательное;Удивление;AB;2;NRC EmoLex, Алфавит эмоций
пагубный;прилагательное;Грусть;AB;2;NRC EmoLex, Алфавит эмоций
палач;существительное;Грусть;AB;3;ENRuN, NRC EmoLex, Алфавит эмоций
паника;существительное;Страх;AB;6;Датасеты, NRC EmoLex, НКРЯ, Русский семантический словарь, РуСентиЛекс, Алфавит эмоций
паниковать;глагол;Страх;AB;3;Датасеты, РуСентиЛекс, Алфавит эмоций
панически;наречие;Страх;AB;2;Датасеты, Алфавит эмоций
панический;прилагательное;Страх;A;2;РуСентиЛекс, Алфавит эмоций
пафос;существительное;Радость;A;2;НКРЯ, РуСентиЛекс
переболеть;глагол;Грусть;A;2;РуСентиЛекс, Алфавит эмоций
перевернуть;глагол;Грусть;A;2;НКРЯ, Алфавит эмоций
переволновать;глагол;Страх;A;2;НКРЯ, РуСентиЛекс
переволноваться;глагол;Страх;A;2;НКРЯ, РуСентиЛекс
переживание;существительное;Грусть;A;2;НКРЯ, Алфавит эмоций
переживать;глагол;Грусть;AB;3;Датасеты, НКРЯ, Алфавит эмоций
перенервничать;глагол;Страх;A;2;НКРЯ, РуСентиЛекс
перепуг;существительное;Страх;A;4;НКРЯ, Русский семантический словарь, РуСентиЛекс, Алфавит эмоций
перепугать;глагол;Страх;AB;4;Датасеты, НКРЯ, РуСентиЛекс, Алфавит эмоций
перепугаться;глагол;Страх;AB;4;Датасеты, НКРЯ, РуСентиЛекс, Алфавит эмоций
перетерпеть;глагол;Грусть;A;2;НКРЯ, Алфавит эмоций
перетревожить;глагол;Страх;A;2;НКРЯ, РуСентиЛекс
перетрусить;глагол;Страх;A;3;НКРЯ, РуСентиЛекс, Алфавит эмоций
переутомить;глагол;Грусть;A;2;РуСентиЛекс, Алфавит эмоций
переутомлять;глагол;Грусть;A;2;РуСентиЛекс, Алфавит эмоций
пессимизм;существительное;Грусть;AB;3;NRC EmoLex, РуСентиЛекс, Алфавит эмоций
пессимист;существительное;Грусть;AB;2;NRC EmoLex, Алфавит эмоций
пессимистически;наречие;Грусть;A;2;РуСентиЛекс, Алфавит эмоций
пессимистический;прилагательное;Грусть;A;2;РуСентиЛекс, Алфавит эмоций
пессимистичность;существительное;Грусть;A;2;РуСентиЛекс, Алфавит эмоций
пессимистичный;прилагательное;Грусть;A;2;РуСентиЛекс, Алфавит эмоций
петь;глагол;Радость;AB;2;NRC EmoLex, Алфавит эмоций
печалить;глагол;Грусть;A;3;НКРЯ, РуСентиЛекс, Алфавит эмоций
печалиться;глагол;Грусть;AB;4;Датасеты, НКРЯ, РуСентиЛекс, Алфавит эмоций
печаль;существительное;Грусть;AB;6;Датасеты, NRC EmoLex, НКРЯ, Русский семантический словарь, РуСентиЛекс, Алфавит эмоций
печально;наречие;Грусть;AB;2;Датасеты, Алфавит эмоций
печальный;прилагательное;Грусть;AB;3;Датасеты, NRC EmoLex, Алфавит эмоций
плавать;глагол;Радость;AB;2;NRC EmoLex, Алфавит эмоций
плакать;глагол;Грусть;AB;3;Датасеты, NRC EmoLex, Алфавит эмоций
плач;существительное;Грусть;AB;3;Датасеты, NRC EmoLex, Алфавит эмоций
плохо;наречие;Грусть;AB;3;Датасеты, NRC EmoLex, Алфавит эмоций
побаиваться;глагол;Страх;AB;4;Датасеты, НКРЯ, РуСентиЛекс, Алфавит эмоций
побояться;глагол;Страх;AB;4;Датасеты, НКРЯ, РуСентиЛекс, Алфавит эмоций
поверить;глагол;Радость;AB;2;Датасеты, РуСентиЛекс
повеселеть;глагол;Радость;A;3;НКРЯ, РуСентиЛекс, Алфавит эмоций
повеселиться;глагол;Радость;AB;3;Датасеты, РуСентиЛекс, Алфавит эмоций
поволноваться;глагол;Страх;A;2;НКРЯ, РуСентиЛекс
повредить;глагол;Злость;AB;2;NRC EmoLex, Алфавит эмоций
погибель;существительное;Грусть;AB;2;NRC EmoLex, Алфавит эмоций
погневаться;глагол;Злость;A;2;НКРЯ, Алфавит эмоций
погоревать;глагол;Грусть;A;3;НКРЯ, РуСентиЛекс, Алфавит эмоций
погрустить;глагол;Грусть;A;3;НКРЯ, РуСентиЛекс, Алфавит эмоций
погрустнеть;глагол;Грусть;A;2;РуСентиЛекс, Алфавит эмоций
подавить;глагол;Грусть;AB;4;Датасеты, NRC EmoLex, РуСентиЛекс, Алфавит эмоций
подавленность;существительное;Грусть;AB;4;ENRuN, Русский семантический словарь, РуСентиЛекс, Алфавит эмоций
подавленный;прилагательное;Грусть;A;2;РуСентиЛекс, Алфавит эмоций
подавлять;глагол;Грусть;AB;3;NRC EmoLex, РуСентиЛекс, Алфавит эмоций
подбодриться;глагол;Радость;A;2;РуСентиЛекс, Алфавит эмоций
подивить;глагол;Удивление;A;2;НКРЯ, Алфавит эмоций
подивиться;глагол;Удивление;AB;3;Датасеты, НКРЯ, Алфавит эмоций
поднимать;глагол;Радость;AB;2;NRC EmoLex, Алфавит эмоций
подосадовать;глагол;Злость;A;2;РуСентиЛекс, Алфавит эмоций
подружиться;глагол;Радость;AB;2;NRC EmoLex, РуСентиЛекс
подступать;глагол;Грусть;AB;2;Датасеты, Алфавит эмоций
подшучивать;глагол;Радость;AB;2;Датасеты, Алфавит эмоций
позабавиться;глагол;Радость;A;2;РуСентиЛекс, Алфавит эмоций
позлить;глагол;Злость;A;2;НКРЯ, Алфавит эмоций
позлиться;глагол;Злость;A;2;РуСентиЛекс, Алфавит эмоций
позлорадствовать;глагол;Злость;A;3;НКРЯ, РуСентиЛекс, Алфавит эмоций
позор;существительное;Грусть;AB;3;ENRuN, NRC EmoLex, Русский семантический словарь
покаяние;существительное;Радость;AB;2;NRC EmoLex, РуСентиЛекс
покаяться;глагол;Радость;AB;2;NRC EmoLex, РуСентиЛекс
поклонение;существительное;Радость;AB;2;NRC EmoLex, РуСентиЛекс
помрачать;глагол;Грусть;A;2;РуСентиЛекс, Алфавит эмоций
помрачаться;глагол;Грусть;A;2;РуСентиЛекс, Алфавит эмоций
помрачить;глагол;Грусть;A;2;РуСентиЛекс, Алфавит эмоций
помрачиться;глагол;Грусть;A;2;РуСентиЛекс, Алфавит эмоций
помучиться;глагол;Грусть;A;2;РуСентиЛекс, Алфавит эмоций
понервничать;глагол;Страх;A;2;НКРЯ, РуСентиЛекс
поникнуть;глагол;Грусть;A;2;РуСентиЛекс, Алфавит эмоций
понравиться;глагол;Радость;AB;2;Датасеты, РуСентиЛекс
понурость;существительное;Грусть;A;2;Русский семантический словарь, Алфавит эмоций
поощрять;глагол;Радость;AB;2;NRC EmoLex, Алфавит эмоций
поплакать;глагол;Грусть;AB;2;Датасеты, Алфавит эмоций
порадовать;глагол;Радость;AB;4;Датасеты, НКРЯ, РуСентиЛекс, Алфавит эмоций
порадоваться;глагол;Радость;AB;4;Датасеты, НКРЯ, РуСентиЛекс, Алфавит эмоций
поражать;глагол;Удивление;AB;3;Датасеты, NRC EmoLex, Алфавит эмоций
поражаться;глагол;Удивление;AB;2;Датасеты, Алфавит эмоций
пораженный;прилагательное;Удивление;AB;2;NRC EmoLex, Алфавит эмоций
поразительный;прилагательное;Удивление;AB;3;Датасеты, NRC EmoLex, Алфавит эмоций
поразить;глагол;Удивление;AB;4;Датасеты, NRC EmoLex, НКРЯ, Алфавит эмоций
поразиться;глагол;Удивление;A;2;НКРЯ, Алфавит эмоций
посетовать;глагол;Грусть;AB;2;Датасеты, Алфавит эмоций
посмеиваться;глагол;Радость;AB;2;NRC EmoLex, Алфавит эмоций
посмеяться;глагол;Радость;AB;2;Датасеты, Алфавит эмоций
потосковать;глагол;Грусть;A;2;НКРЯ, Алфавит эмоций
потрясать;глагол;Удивление;A;2;РуСентиЛекс, Алфавит эмоций
потрясающе;наречие;Удивление;AB;2;Датасеты, Алфавит эмоций
потрясающий;прилагательное;Удивление;AB;2;NRC EmoLex, Алфавит эмоций
потрясение;существительное;Удивление;AB;5;ENRuN, Датасеты, НКРЯ, РуСентиЛекс, Алфавит эмоций
потрясти;глагол;Удивление;AB;4;Датасеты, НКРЯ, РуСентиЛекс, Алфавит эмоций
пошутить;глагол;Радость;AB;2;Датасеты, Алфавит эмоций
праздник;существительное;Радость;AB;3;NRC EmoLex, РуСентиЛекс, Алфавит эмоций
праздничный;прилагательное;Радость;AB;2;NRC EmoLex, Алфавит эмоций
превосходство;существительное;Радость;AB;2;NRC EmoLex, РуСентиЛекс
предвкушать;глагол;Радость;AB;3;Датасеты, РуСентиЛекс, Алфавит эмоций
предвкушение;существительное;Радость;A;2;РуСентиЛекс, Алфавит эмоций
презирать;глагол;Злость;AB;2;NRC EmoLex, РуСентиЛекс
презрение;существительное;Злость;AB;3;NRC EmoLex, Русский семантический словарь, РуСентиЛекс
презрительный;прилагательное;Злость;AB;2;NRC EmoLex, РуСентиЛекс
преклонение;существительное;Радость;AB;2;ENRuN, РуСентиЛекс
пренебрежение;существительное;Злость;AB;2;NRC EmoLex, Русский семантический словарь
преследовать;глагол;Грусть;AB;2;NRC EmoLex, Алфавит эмоций
пресный;прилагательное;Грусть;A;2;РуСентиЛекс, Алфавит эмоций
преуспевающий;прилагательное;Радость;AB;2;NRC EmoLex, Алфавит эмоций
привязанность;существительное;Радость;AB;3;NRC EmoLex, Русский семантический словарь, РуСентиЛекс
привязываться;глагол;Радость;AB;2;Датасеты, РуСентиЛекс
пригорюниться;глагол;Грусть;A;3;НКРЯ, РуСентиЛекс, Алфавит эмоций
признательность;существительное;Радость;AB;3;NRC EmoLex, НКРЯ, РуСентиЛекс
приободриться;глагол;Радость;A;2;РуСентиЛекс, Алфавит эмоций
приободряться;глагол;Радость;A;2;РуСентиЛекс, Алфавит эмоций
прискорбие;существительное;Грусть;A;4;НКРЯ, Русский семантический словарь, РуСентиЛекс, Алфавит эмоций
прискорбно;наречие;Грусть;AB;2;NRC EmoLex, Алфавит эмоций
прискорбный;прилагательное;Грусть;AB;3;Датасеты, NRC EmoLex, Алфавит эмоций
прискучивать;глагол;Грусть;A;2;РуСентиЛекс, Алфавит эмоций
прискучить;глагол;Грусть;A;2;РуСентиЛекс, Алфавит эмоций
приунывать;глагол;Грусть;A;2;РуСентиЛекс, Алфавит эмоций
приуныть;глагол;Грусть;A;3;НКРЯ, РуСентиЛекс, Алфавит эмоций
причудливый;прилагательное;Удивление;AB;3;Датасеты, NRC EmoLex, Алфавит эмоций
пришибленность;существительное;Грусть;A;2;РуСентиЛекс, Алфавит эмоций
пришибленный;прилагательное;Грусть;A;2;РуСентиЛекс, Алфавит эмоций
приязнь;существительное;Радость;A;2;Русский семантический словарь, РуСентиЛекс
приятно;наречие;Радость;AB;2;Датасеты, Алфавит эмоций
приятный;прилагательное;Радость;B;2;Датасеты, NRC EmoLex
прогневать;глагол;Злость;A;2;НКРЯ, Алфавит эмоций
прогневаться;глагол;Злость;A;3;НКРЯ, РуСентиЛекс, Алфавит эмоций
проказа;существительное;Радость;AB;3;Датасеты, NRC EmoLex, Алфавит эмоций
проклинать;глагол;Злость;AB;3;Датасеты, NRC EmoLex, Алфавит эмоций
проклятие;существительное;Злость;AB;2;NRC EmoLex, Алфавит эмоций
промаяться;глагол;Грусть;A;2;РуСентиЛекс, Алфавит эмоций
проплакать;глагол;Грусть;AB;3;Датасеты, РуСентиЛекс, Алфавит эмоций
просиять;глагол;Радость;A;2;РуСентиЛекс, Алфавит эмоций
прослезиться;глагол;Грусть;AB;3;Датасеты, РуСентиЛекс, Алфавит эмоций
процветать;глагол;Радость;AB;2;NRC EmoLex, Алфавит эмоций
процветающий;прилагательное;Радость;AB;2;NRC EmoLex, Алфавит эмоций
пугало;существительное;Страх;AB;2;NRC EmoLex, Алфавит эмоций
пугануть;глагол;Страх;A;2;НКРЯ, Алфавит эмоций
пугать;глагол;Страх;AB;4;Датасеты, NRC EmoLex, НКРЯ, Алфавит эмоций
пугаться;глагол;Страх;AB;4;Датасеты, НКРЯ, РуСентиЛекс, Алфавит эмоций
пугливость;существительное;Страх;A;2;РуСентиЛекс, Алфавит эмоций
пугливый;прилагательное;Страх;AB;3;Датасеты, РуСентиЛекс, Алфавит эмоций
пугнуть;глагол;Страх;A;2;НКРЯ, Алфавит эмоций
пыл;существительное;Радость;A;2;РуСентиЛекс, Алфавит эмоций
пытка;существительное;Грусть;AB;5;ENRuN, NRC EmoLex, Русский семантический словарь, РуСентиЛекс, Алфавит эмоций
пьянеть;глагол;Радость;A;2;РуСентиЛекс, Алфавит эмоций
пьяный;прилагательное;Радость;AB;2;NRC EmoLex, Алфавит эмоций
равновесие;существительное;Радость;AB;2;ENRuN, РуСентиЛекс
равнодушие;существительное;Грусть;AB;4;NRC EmoLex, НКРЯ, Русский семантический словарь, Алфавит эмоций
рад;прилагательное;Радость;AB;2;Датасеты, Алфавит эмоций
радовать;глагол;Радость;AB;4;Датасеты, НКРЯ, РуСентиЛекс, Алфавит эмоций
радоваться;глагол;Радость;AB;5;Датасеты, NRC EmoLex, НКРЯ, РуСентиЛекс, Алфавит эмоций
радостный;прилагательное;Радость;AB;4;Датасеты, NRC EmoLex, РуСентиЛекс, Алфавит эмоций
радость;существительное;Радость;AB;6;Датасеты, NRC EmoLex, НКРЯ, Русский семантический словарь, РуСентиЛекс, Алфавит эмоций
развеселить;глагол;Радость;A;2;НКРЯ, Алфавит эмоций
развеселиться;глагол;Радость;A;3;НКРЯ, РуСентиЛекс, Алфавит эмоций
развлекать;глагол;Радость;AB;2;NRC EmoLex, Алфавит эмоций
развлекаться;глагол;Радость;AB;3;Датасеты, РуСентиЛекс, Алфавит эмоций
развлечение;существительное;Радость;AB;3;ENRuN, NRC EmoLex, Алфавит эмоций
развлечь;глагол;Радость;A;2;НКРЯ, Алфавит эмоций
развлечься;глагол;Радость;A;2;РуСентиЛекс, Алфавит эмоций
разволновать;глагол;Страх;A;2;НКРЯ, РуСентиЛекс
разгневанный;прилагательное;Злость;AB;2;NRC EmoLex, Алфавит эмоций
разгневать;глагол;Злость;AB;3;Датасеты, НКРЯ, Алфавит эмоций
разгневаться;глагол;Злость;A;3;НКРЯ, РуСентиЛекс, Алфавит эмоций
раздавить;глагол;Грусть;AB;3;Датасеты, РуСентиЛекс, Алфавит эмоций
раздосадовать;глагол;Злость;A;3;НКРЯ, РуСентиЛекс, Алфавит эмоций
раздосадоваться;глагол;Злость;A;2;НКРЯ, Алфавит эмоций
раздражать;глагол;Злость;AB;3;NRC EmoLex, РуСентиЛекс, Алфавит эмоций
раздражаться;глагол;Злость;A;2;РуСентиЛекс, Алфавит эмоций
раздражающий;прилагательное;Злость;AB;2;NRC EmoLex, Алфавит эмоций
раздражение;существительное;Злость;AB;4;NRC EmoLex, НКРЯ, РуСентиЛекс, Алфавит эмоций
раздражённость;существительное;Злость;A;2;Русский семантический словарь, Алфавит эмоций
раздражительность;существительное;Злость;AB;2;NRC EmoLex, Алфавит эмоций
раздражительный;прилагательное;Злость;AB;3;Датасеты, NRC EmoLex, Алфавит эмоций
раздражить;глагол;Злость;A;3;НКРЯ, РуСентиЛекс, Алфавит эмоций
раздражиться;глагол;Злость;A;3;НКРЯ, РуСентиЛекс, Алфавит эмоций
раздразнивать;глагол;Злость;A;2;РуСентиЛекс, Алфавит эмоций
раздразнить;глагол;Злость;A;2;РуСентиЛекс, Алфавит эмоций
разнервничаться;глагол;Страх;A;2;НКРЯ, РуСентиЛекс
разобидеться;глагол;Грусть;A;2;НКРЯ, РуСентиЛекс
разозлить;глагол;Злость;AB;3;Датасеты, НКРЯ, Алфавит эмоций
разозлиться;глагол;Злость;AB;4;Датасеты, НКРЯ, РуСентиЛекс, Алфавит эмоций
разочарование;существительное;Грусть;AB;4;NRC EmoLex, НКРЯ, Русский семантический словарь, РуСентиЛекс
разочарованность;существительное;Злость;A;2;Русский семантический словарь, РуСентиЛекс
разочаровать;глагол;Злость;AB;2;NRC EmoLex, НКРЯ
разочароваться;глагол;Злость;A;2;НКРЯ, РуСентиЛекс
разреветься;глагол;Грусть;AB;3;Датасеты, РуСентиЛекс, Алфавит эмоций
разрушительный;прилагательное;Грусть;AB;2;NRC EmoLex, Алфавит эмоций
разъярить;глагол;Злость;A;2;НКРЯ, Алфавит эмоций
разъяриться;глагол;Злость;A;3;НКРЯ, РуСентиЛекс, Алфавит эмоций
рана;существительное;Грусть;AB;2;NRC EmoLex, Алфавит эмоций
ранить;глагол;Грусть;AB;3;Датасеты, NRC EmoLex, Алфавит эмоций
раскаяние;существительное;Радость;A;3;НКРЯ, Русский семантический словарь, РуСентиЛекс
расположение;существительное;Радость;A;2;Русский семантический словарь, РуСентиЛекс
расположенность;существительное;Радость;A;2;Русский семантический словарь, РуСентиЛекс
рассвирепеть;глагол;Злость;A;3;НКРЯ, РуСентиЛекс, Алфавит эмоций
рассердить;глагол;Злость;A;2;НКРЯ, Алфавит эмоций
рассердиться;глагол;Злость;A;3;НКРЯ, РуСентиЛекс, Алфавит эмоций
рассерчать;глагол;Злость;A;2;НКРЯ, Алфавит эмоций
расслабуха;существительное;Радость;A;2;РуСентиЛекс, Алфавит эмоций
рассмешить;глагол;Радость;AB;2;Датасеты, Алфавит эмоций
рассмеяться;глагол;Радость;AB;2;Датасеты, Алфавит эмоций
расстраивать;глагол;Грусть;AB;3;NRC EmoLex, РуСентиЛекс, Алфавит эмоций
расстраиваться;глагол;Грусть;A;2;РуСентиЛекс, Алфавит эмоций
расстроенный;прилагательное;Грусть;AB;3;NRC EmoLex, РуСентиЛекс, Алфавит эмоций
расстроить;глагол;Грусть;AB;4;Датасеты, НКРЯ, РуСентиЛекс, Алфавит эмоций
расстроиться;глагол;Грусть;AB;4;Датасеты, НКРЯ, РуСентиЛекс, Алфавит эмоций
расстройство;существительное;Грусть;AB;4;NRC EmoLex, Русский семантический словарь, РуСентиЛекс, Алфавит эмоций
растревоживать;глагол;Страх;A;2;НКРЯ, РуСентиЛекс
растревожить;глагол;Страх;A;2;НКРЯ, РуСентиЛекс
расцвести;глагол;Радость;A;2;РуСентиЛекс, Алфавит эмоций
расцветать;глагол;Радость;A;2;РуСентиЛекс, Алфавит эмоций
ревнивый;прилагательное;Грусть;AB;2;NRC EmoLex, РуСентиЛекс
ревность;существительное;Грусть;AB;4;NRC EmoLex, НКРЯ, Русский семантический словарь, РуСентиЛекс
резвиться;глагол;Радость;AB;3;NRC EmoLex, РуСентиЛекс, Алфавит эмоций
резвый;прилагательное;Радость;AB;2;NRC EmoLex, Алфавит эмоций
робкий;прилагательное;Страх;AB;2;NRC EmoLex, Алфавит эмоций
робость;существительное;Страх;AB;3;NRC EmoLex, НКРЯ, Алфавит эмоций
рождение;существительное;Радость;B;2;Датасеты, NRC EmoLex
роскошный;прилагательное;Удивление;AB;2;NRC EmoLex, Алфавит эмоций
рутина;существительное;Страх;AB;2;ENRuN, Алфавит эмоций
рыдание;существительное;Грусть;A;2;РуСентиЛекс, Алфавит эмоций
рыдать;глагол;Грусть;AB;4;Датасеты, NRC EmoLex, РуСентиЛекс, Алфавит эмоций
самобичевание;существительное;Грусть;A;2;Русский семантический словарь, РуСентиЛекс
самоедство;существительное;Грусть;A;2;Русский семантический словарь, РуСентиЛекс
сатанинский;прилагательное;Злость;AB;2;NRC EmoLex, Алфавит эмоций
сахар;существительное;Радость;AB;2;ENRuN, Алфавит эмоций
свет;существительное;Радость;AB;2;Датасеты, Алфавит эмоций
светиться;глагол;Радость;AB;3;NRC EmoLex, РуСентиЛекс, Алфавит эмоций
свирепеть;глагол;Злость;A;2;РуСентиЛекс, Алфавит эмоций
свирепость;существительное;Злость;AB;2;NRC EmoLex, Алфавит эмоций
свирепый;прилагательное;Злость;AB;2;NRC EmoLex, Алфавит эмоций
сдрейфить;глагол;Страх;A;2;НКРЯ, РуСентиЛекс
сенсационный;прилагательное;Удивление;AB;2;NRC EmoLex, Алфавит эмоций
сердитость;существительное;Злость;A;2;Русский семантический словарь, Алфавит эмоций
сердитый;прилагательное;Злость;AB;2;NRC EmoLex, Алфавит эмоций
сердить;глагол;Злость;A;2;НКРЯ, Алфавит эмоций
сердиться;глагол;Злость;A;3;НКРЯ, РуСентиЛекс, Алфавит эмоций
сердце;существительное;Злость;A;2;Русский семантический словарь, Алфавит эмоций
серчать;глагол;Злость;AB;4;Датасеты, НКРЯ, РуСентиЛекс, Алфавит эмоций
симпатия;существительное;Радость;AB;5;ENRuN, NRC EmoLex, НКРЯ, Русский семантический словарь, РуСентиЛекс
сияние;существительное;Радость;AB;2;NRC EmoLex, Алфавит эмоций
сияющий;прилагательное;Радость;AB;2;NRC EmoLex, Алфавит эмоций
скисать;глагол;Грусть;A;2;РуСентиЛекс, Алфавит эмоций
скиснуть;глагол;Грусть;A;2;РуСентиЛекс, Алфавит эмоций
сконфузиться;глагол;Грусть;A;2;НКРЯ, РуСентиЛекс
скорбеть;глагол;Грусть;A;3;НКРЯ, РуСентиЛекс, Алфавит эмоций
скорбность;существительное;Грусть;A;2;Русский семантический словарь, Алфавит эмоций
скорбный;прилагательное;Грусть;AB;2;NRC EmoLex, Алфавит эмоций
скорбь;существительное;Грусть;AB;6;Датасеты, NRC EmoLex, НКРЯ, Русский семантический словарь, РуСентиЛекс, Алфавит эмоций
скорбящий;прилагательное;Грусть;AB;2;NRC EmoLex, Алфавит эмоций
скука;существительное;Грусть;AB;6;Датасеты, NRC EmoLex, НКРЯ, Русский семантический словарь, РуСентиЛекс, Алфавит эмоций
скукота;существительное;Грусть;AB;3;Датасеты, РуСентиЛекс, Алфавит эмоций
скучать;глагол;Грусть;AB;4;Датасеты, НКРЯ, РуСентиЛекс, Алфавит эмоций
скучно;наречие;Грусть;AB;2;Датасеты, Алфавит эмоций
скучный;прилагательное;Грусть;AB;3;Датасеты, NRC EmoLex, Алфавит эмоций
сладкий;прилагательное;Радость;AB;3;Датасеты, NRC EmoLex, Алфавит эмоций
сласть;существительное;Радость;A;2;Русский семантический словарь, Алфавит эмоций
слеза;существительное;Грусть;AB;2;Датасеты, Алфавит эмоций
слезливый;прилагательное;Грусть;AB;2;NRC EmoLex, Алфавит эмоций
сломить;глагол;Грусть;AB;2;Датасеты, Алфавит эмоций
сломиться;глагол;Грусть;A;2;РуСентиЛекс, Алфавит эмоций
смертельный;прилагательное;Грусть;AB;2;NRC EmoLex, Алфавит эмоций
сметь;глагол;Грусть;AB;2;Датасеты, Алфавит эмоций
смех;существительное;Радость;AB;3;Датасеты, NRC EmoLex, Алфавит эмоций
смехотворный;прилагательное;Радость;AB;2;NRC EmoLex, Алфавит эмоций
смешливость;существительное;Радость;A;2;РуСентиЛекс, Алфавит эмоций
смешливый;прилагательное;Радость;A;2;РуСентиЛекс, Алфавит эмоций
смешной;прилагательное;Радость;AB;2;Датасеты, Алфавит эмоций
смеяться;глагол;Радость;AB;2;Датасеты, Алфавит эмоций
смутиться;глагол;Грусть;A;2;НКРЯ, РуСентиЛекс
смущать;глагол;Грусть;AB;2;NRC EmoLex, НКРЯ
смущаться;глагол;Грусть;A;2;НКРЯ, РуСентиЛекс
смущение;существительное;Грусть;AB;3;NRC EmoLex, НКРЯ, Русский семантический словарь
смятение;существительное;Страх;AB;4;NRC EmoLex, НКРЯ, РуСентиЛекс, Алфавит эмоций
сникать;глагол;Грусть;A;2;РуСентиЛекс, Алфавит эмоций
сникнуть;глагол;Грусть;A;2;РуСентиЛекс, Алфавит эмоций
соболезнование;существительное;Грусть;AB;3;Датасеты, Русский семантический словарь, РуСентиЛекс
содрогаться;глагол;Страх;AB;2;NRC EmoLex, Алфавит эмоций
сожаление;существительное;Грусть;AB;7;ENRuN, Датасеты, NRC EmoLex, НКРЯ, Русский семантический словарь, РуСентиЛекс, Алфавит эмоций
сожалеть;глагол;Грусть;AB;4;Датасеты, NRC EmoLex, НКРЯ, РуСентиЛекс
сокрушаться;глагол;Грусть;AB;4;Датасеты, НКРЯ, РуСентиЛекс, Алфавит эмоций
сокрушение;существительное;Грусть;A;3;НКРЯ, Русский семантический словарь, Алфавит эмоций
сокрушительный;прилагательное;Грусть;AB;2;NRC EmoLex, Алфавит эмоций
сокрушить;глагол;Грусть;A;2;НКРЯ, Алфавит эмоций
сосать;глагол;Грусть;AB;2;Датасеты, Алфавит эмоций
соскучиться;глагол;Грусть;AB;4;Датасеты, НКРЯ, РуСентиЛекс, Алфавит эмоций
сострадание;существительное;Грусть;AB;4;NRC EmoLex, НКРЯ, Русский семантический словарь, РуСентиЛекс
сохнуть;глагол;Грусть;A;2;НКРЯ, Алфавит эмоций
сплин;существительное;Грусть;A;2;Русский семантический словарь, Алфавит эмоций
спокойный;прилагательное;Радость;AB;3;Датасеты, NRC EmoLex, РуСентиЛекс
спокойствие;существительное;Радость;AB;3;NRC EmoLex, НКРЯ, РуСентиЛекс
спугивать;глагол;Страх;A;2;НКРЯ, Алфавит эмоций
стервенеть;глагол;Злость;A;2;НКРЯ, Алфавит эмоций
стеснение;существительное;Грусть;A;2;Русский семантический словарь, РуСентиЛекс
стесняться;глагол;Грусть;A;2;НКРЯ, РуСентиЛекс
столбняк;существительное;Грусть;AB;2;NRC EmoLex, Алфавит эмоций
стон;существительное;Грусть;AB;2;NRC EmoLex, Алфавит эмоций
сторониться;глагол;Страх;AB;2;NRC EmoLex, Алфавит эмоций
стосковаться;глагол;Грусть;A;3;НКРЯ, РуСентиЛекс, Алфавит эмоций
страдалец;существительное;Грусть;AB;2;NRC EmoLex, Алфавит эмоций
страдание;существительное;Грусть;A;4;НКРЯ, Русский семантический словарь, РуСентиЛекс, Алфавит эмоций
страдать;глагол;Грусть;A;2;РуСентиЛекс, Алфавит эмоций
странно;наречие;Удивление;AB;2;Датасеты, Алфавит эмоций
странность;существительное;Удивление;AB;2;NRC EmoLex, Алфавит эмоций
странный;прилагательное;Удивление;AB;3;Датасеты, NRC EmoLex, Алфавит эмоций
страх;существительное;Страх;AB;6;Датасеты, NRC EmoLex, НКРЯ, Русский семантический словарь, РуСентиЛекс, Алфавит эмоций
страшить;глагол;Страх;A;2;НКРЯ, Алфавит эмоций
страшиться;глагол;Страх;A;3;НКРЯ, РуСентиЛекс, Алфавит эмоций
страшно;наречие;Страх;AB;2;Датасеты, Алфавит эмоций
страшный;прилагательное;Страх;AB;3;Датасеты, NRC EmoLex, Алфавит эмоций
стращать;глагол;Страх;A;2;НКРЯ, Алфавит эмоций
струсить;глагол;Страх;A;2;РуСентиЛекс, Алфавит эмоций
струхнуть;глагол;Страх;A;3;НКРЯ, РуСентиЛекс, Алфавит эмоций
стыд;существительное;Грусть;AB;4;NRC EmoLex, НКРЯ, Русский семантический словарь, РуСентиЛекс
стыдиться;глагол;Грусть;A;2;НКРЯ, РуСентиЛекс
сухота;существительное;Грусть;A;3;НКРЯ, Русский семантический словарь, Алфавит эмоций
счастие;существительное;Радость;AB;3;Датасеты, НКРЯ, РуСентиЛекс
счастливый;прилагательное;Радость;AB;3;Датасеты, NRC EmoLex, Алфавит эмоций
счастье;существительное;Радость;AB;5;NRC EmoLex, НКРЯ, Русский семантический словарь, РуСентиЛекс, Алфавит эмоций
таинственный;прилагательное;Удивление;AB;2;NRC EmoLex, Алфавит эмоций
терзание;существительное;Грусть;A;4;НКРЯ, Русский семантический словарь, РуСентиЛекс, Алфавит эмоций
терзаться;глагол;Грусть;A;2;РуСентиЛекс, Алфавит эмоций
терпеть;глагол;Грусть;AB;2;NRC EmoLex, Алфавит эмоций
терроризировать;глагол;Страх;AB;2;NRC EmoLex, Алфавит эмоций
тиран;существительное;Грусть;AB;2;NRC EmoLex, Алфавит эмоций
томиться;глагол;Грусть;A;2;РуСентиЛекс, Алфавит эмоций
томление;существительное;Грусть;A;3;НКРЯ, РуСентиЛекс, Алфавит эмоций
топать;глагол;Злость;AB;2;Датасеты, Алфавит эмоций
торжество;существительное;Радость;A;4;НКРЯ, Русский семантический словарь, РуСентиЛекс, Алфавит эмоций
торжествовать;глагол;Радость;A;2;РуСентиЛекс, Алфавит эмоций
торжествующий;прилагательное;Радость;AB;3;NRC EmoLex, РуСентиЛекс, Алфавит эмоций
тоска;существительное;Грусть;AB;6;Датасеты, NRC EmoLex, НКРЯ, Русский семантический словарь, РуСентиЛекс, Алфавит эмоций
тоскливость;существительное;Грусть;A;2;РуСентиЛекс, Алфавит эмоций
тоскливый;прилагательное;Грусть;AB;3;NRC EmoLex, РуСентиЛекс, Алфавит эмоций
тосковать;глагол;Грусть;A;3;НКРЯ, РуСентиЛекс, Алфавит эмоций
точить;глагол;Грусть;AB;2;NRC EmoLex, Алфавит эмоций
тошнота;существительное;Грусть;AB;2;NRC EmoLex, РуСентиЛекс
тошнотворный;прилагательное;Грусть;AB;2;NRC EmoLex, Алфавит эмоций
травмировать;глагол;Грусть;AB;2;Датасеты, Алфавит эмоций
трагедия;существительное;Грусть;AB;2;NRC EmoLex, Алфавит эмоций
трагичность;существительное;Грусть;AB;2;ENRuN, Алфавит эмоций
трагичный;прилагательное;Грусть;AB;2;Датасеты, Алфавит эмоций
траур;существительное;Грусть;AB;2;NRC EmoLex, Алфавит эмоций
тревога;существительное;Страх;AB;6;Датасеты, NRC EmoLex, НКРЯ, Русский семантический словарь, РуСентиЛекс, Алфавит эмоций
тревожить;глагол;Страх;AB;4;Датасеты, НКРЯ, РуСентиЛекс, Алфавит эмоций
тревожиться;глагол;Страх;AB;3;Датасеты, НКРЯ, РуСентиЛекс
тревожность;существительное;Страх;A;2;Русский семантический словарь, РуСентиЛекс
тревожный;прилагательное;Страх;AB;3;NRC EmoLex, РуСентиЛекс, Алфавит эмоций
треволнение;существительное;Страх;A;3;НКРЯ, Русский семантический словарь, РуСентиЛекс
трепет;существительное;Страх;AB;5;NRC EmoLex, НКРЯ, Русский семантический словарь, РуСентиЛекс, Алфавит эмоций
трепетать;глагол;Страх;A;2;РуСентиЛекс, Алфавит эмоций
трудный;прилагательное;Грусть;AB;2;Датасеты, Алфавит эмоций
трусить;глагол;Страх;A;3;НКРЯ, РуСентиЛекс, Алфавит эмоций
трусливый;прилагательное;Страх;AB;3;Датасеты, NRC EmoLex, Алфавит эмоций
трусость;существительное;Страх;AB;2;NRC EmoLex, Алфавит эмоций
трястись;глагол;Страх;AB;3;Датасеты, РуСентиЛекс, Алфавит эмоций
тужить;глагол;Грусть;A;3;НКРЯ, РуСентиЛекс, Алфавит эмоций
туман;существительное;Грусть;AB;2;NRC EmoLex, Алфавит эмоций
туманиться;глагол;Грусть;A;2;РуСентиЛекс, Алфавит эмоций
тушеваться;глагол;Страх;A;2;РуСентиЛекс, Алфавит эмоций
тяготить;глагол;Грусть;A;2;РуСентиЛекс, Алфавит эмоций
тяжесть;существительное;Грусть;A;2;Русский семантический словарь, Алфавит эмоций
тяжкий;прилагательное;Грусть;AB;2;NRC EmoLex, Алфавит эмоций
убивать;глагол;Грусть;AB;2;Датасеты, Алфавит эмоций
убиваться;глагол;Грусть;A;3;НКРЯ, РуСентиЛекс, Алфавит эмоций
убийственный;прилагательное;Грусть;AB;2;NRC EmoLex, Алфавит эмоций
убийство;существительное;Грусть;B;2;ENRuN, NRC EmoLex
убить;глагол;Грусть;AB;3;Датасеты, NRC EmoLex, Алфавит эмоций
убояться;глагол;Страх;A;3;НКРЯ, РуСентиЛекс, Алфавит эмоций
уважать;глагол;Радость;AB;2;NRC EmoLex, РуСентиЛекс
уверенность;существительное;Радость;AB;2;NRC EmoLex, РуСентиЛекс
увлечение;существительное;Радость;A;4;НКРЯ, Русский семантический словарь, РуСентиЛекс, Алфавит эмоций
угнетать;глагол;Грусть;AB;3;NRC EmoLex, РуСентиЛекс, Алфавит эмоций
угнетающий;прилагательное;Грусть;AB;2;NRC EmoLex, Алфавит эмоций
угнетение;существительное;Грусть;AB;4;NRC EmoLex, НКРЯ, Русский семантический словарь, Алфавит эмоций
угнетённость;существительное;Грусть;A;2;Русский семантический словарь, Алфавит эмоций
угрожать;глагол;Страх;AB;3;Датасеты, NRC EmoLex, Алфавит эмоций
угрожающий;прилагательное;Страх;AB;2;NRC EmoLex, Алфавит эмоций
угроза;существительное;Страх;AB;3;Датасеты, NRC EmoLex, Алфавит эмоций
угрызение;существительное;Грусть;A;4;НКРЯ, Русский семантический словарь, РуСентиЛекс, Алфавит эмоций
угрюметь;глагол;Грусть;A;2;РуСентиЛекс, Алфавит эмоций
угрюмость;существительное;Грусть;A;2;Русский семантический словарь, Алфавит эмоций
угрюмый;прилагательное;Грусть;AB;2;NRC EmoLex, Алфавит эмоций
удача;существительное;Радость;AB;3;Датасеты, NRC EmoLex, Алфавит эмоций
удивительно;наречие;Удивление;AB;3;Датасеты, NRC EmoLex, Алфавит эмоций
удивительность;существительное;Удивление;A;2;НКРЯ, Алфавит эмоций
удивительный;прилагательное;Удивление;AB;3;Датасеты, NRC EmoLex, Алфавит эмоций
удивить;глагол;Удивление;AB;3;Датасеты, НКРЯ, Алфавит эмоций
удивиться;глагол;Удивление;AB;3;Датасеты, НКРЯ, Алфавит эмоций
удивление;существительное;Удивление;AB;4;Датасеты, NRC EmoLex, НКРЯ, Алфавит эмоций
удивлять;глагол;Удивление;AB;3;Датасеты, NRC EmoLex, Алфавит эмоций
удивляться;глагол;Удивление;AB;2;Датасеты, Алфавит эмоций
удовлетворение;существительное;Радость;A;4;НКРЯ, Русский семантический словарь, РуСентиЛекс, Алфавит эмоций
удовлетворенность;существительное;Радость;A;2;Русский семантический словарь, РуСентиЛекс
удовлетвориться;глагол;Радость;A;2;РуСентиЛекс, Алфавит эмоций
удовлетворять;глагол;Радость;AB;2;NRC EmoLex, Алфавит эмоций
удовлетворяться;глагол;Радость;A;2;РуСентиЛекс, Алфавит эмоций
удовольствие;существительное;Радость;AB;7;ENRuN, Датасеты, NRC EmoLex, НКРЯ, Русский семантический словарь, РуСентиЛекс, Алфавит эмоций
удовольствоваться;глагол;Радость;A;2;РуСентиЛекс, Алфавит эмоций
удручать;глагол;Грусть;AB;3;Датасеты, РуСентиЛекс, Алфавит эмоций
удручённость;существительное;Грусть;A;2;Русский семантический словарь, Алфавит эмоций
удручить;глагол;Грусть;A;3;НКРЯ, РуСентиЛекс, Алфавит эмоций
ужас;существительное;Страх;AB;7;ENRuN, Датасеты, NRC EmoLex, НКРЯ, Русский семантический словарь, РуСентиЛекс, Алфавит эмоций
ужасать;глагол;Страх;AB;3;Датасеты, РуСентиЛекс, Алфавит эмоций
ужасаться;глагол;Страх;A;2;РуСентиЛекс, Алфавит эмоций
ужасающий;прилагательное;Страх;AB;2;NRC EmoLex, Алфавит эмоций
ужасно;наречие;Страх;AB;3;Датасеты, NRC EmoLex, Алфавит эмоций
ужаснуть;глагол;Страх;A;3;НКРЯ, РуСентиЛекс, Алфавит эмоций
ужаснуться;глагол;Страх;A;3;НКРЯ, РуСентиЛекс, Алфавит эмоций
ужасный;прилагательное;Страх;AB;3;Датасеты, NRC EmoLex, Алфавит эмоций
улыбаться;глагол;Радость;AB;2;Датасеты, Алфавит эмоций
улыбка;существительное;Радость;AB;4;ENRuN, Датасеты, NRC EmoLex, Алфавит эмоций
улыбнуться;глагол;Радость;AB;2;Датасеты, Алфавит эмоций
умаивать;глагол;Грусть;A;2;РуСентиЛекс, Алфавит эмоций
умаять;глагол;Грусть;A;2;РуСентиЛекс, Алфавит эмоций
умаяться;глагол;Грусть;A;2;РуСентиЛекс, Алфавит эмоций
умиление;существительное;Радость;A;3;НКРЯ, Русский семантический словарь, РуСентиЛекс
умиротворение;существительное;Радость;A;2;Русский семантический словарь, Алфавит эмоций
умиротворенность;существительное;Радость;AB;2;NRC EmoLex, РуСентиЛекс
умопомрачительный;прилагательное;Удивление;AB;2;Датасеты, Алфавит эмоций
унывать;глагол;Грусть;A;3;НКРЯ, РуСентиЛекс, Алфавит эмоций
унылость;существительное;Грусть;A;2;Русский семантический словарь, Алфавит эмоций
унылый;прилагательное;Грусть;AB;2;NRC EmoLex, Алфавит эмоций
уныние;существительное;Грусть;AB;5;ENRuN, НКРЯ, Русский семантический словарь, РуСентиЛекс, Алфавит эмоций
унынье;существительное;Грусть;A;2;НКРЯ, РуСентиЛекс
упиваться;глагол;Радость;AB;3;NRC EmoLex, РуСентиЛекс, Алфавит эмоций
упиться;глагол;Радость;A;2;РуСентиЛекс, Алфавит эмоций
упоение;существительное;Радость;A;3;НКРЯ, Русский семантический словарь, Алфавит эмоций
услада;существительное;Радость;A;2;РуСентиЛекс, Алфавит эмоций
услаждаться;глагол;Радость;A;2;РуСентиЛекс, Алфавит эмоций
успешный;прилагательное;Радость;AB;2;NRC EmoLex, Алфавит эмоций
устрашать;глагол;Страх;AB;2;Датасеты, Алфавит эмоций
устрашаться;глагол;Страх;A;2;РуСентиЛекс, Алфавит эмоций
устрашающе;наречие;Страх;AB;2;Датасеты, Алфавит эмоций
устрашение;существительное;Страх;A;2;НКРЯ, Алфавит эмоций
устрашить;глагол;Страх;A;2;НКРЯ, Алфавит эмоций
устрашиться;глагол;Страх;A;3;НКРЯ, РуСентиЛекс, Алфавит эмоций
устыдиться;глагол;Грусть;A;2;НКРЯ, РуСентиЛекс
утомить;глагол;Грусть;A;2;РуСентиЛекс, Алфавит эмоций
утомиться;глагол;Грусть;A;2;РуСентиЛекс, Алфавит эмоций
утомление;существительное;Грусть;A;2;РуСентиЛекс, Алфавит эмоций
утомлять;глагол;Грусть;A;2;РуСентиЛекс, Алфавит эмоций
утомляться;глагол;Грусть;A;2;РуСентиЛекс, Алфавит эмоций
ухмылка;существительное;Радость;AB;2;NRC EmoLex, Алфавит эмоций
фыркать;глагол;Злость;AB;2;NRC EmoLex, Алфавит эмоций
хандра;существительное;Грусть;AB;6;ENRuN, Датасеты, НКРЯ, Русский семантический словарь, РуСентиЛекс, Алфавит эмоций
хандрить;глагол;Грусть;A;2;РуСентиЛекс, Алфавит эмоций
хватить;глагол;Грусть;A;2;РуСентиЛекс, Алфавит эмоций
хиханьки;существительное;Радость;A;2;НКРЯ, Алфавит эмоций
хихиканье;существительное;Радость;AB;2;ENRuN, Алфавит эмоций
хихикать;глагол;Радость;AB;2;NRC EmoLex, Алфавит эмоций
хлебнуть;глагол;Грусть;A;2;РуСентиЛекс, Алфавит эмоций
хмуриться;глагол;Грусть;AB;2;NRC EmoLex, Алфавит эмоций
хмурый;прилагательное;Грусть;AB;2;NRC EmoLex, Алфавит эмоций
холод;существительное;Злость;A;3;Русский семантический словарь, РуСентиЛекс, Алфавит эмоций
холодность;существительное;Злость;AB;2;NRC EmoLex, Русский семантический словарь
хохот;существительное;Радость;AB;2;Датасеты, Алфавит эмоций
цвести;глагол;Радость;AB;2;NRC EmoLex, Алфавит эмоций
чувство;существительное;Радость;AB;3;NRC EmoLex, НКРЯ, Русский семантический словарь
чудак;существительное;Удивление;AB;2;NRC EmoLex, Алфавит эмоций
чудесно;наречие;Удивление;AB;3;Датасеты, NRC EmoLex, Алфавит эмоций
чудесный;прилагательное;Удивление;AB;2;NRC EmoLex, Алфавит эмоций
чудно;наречие;Удивление;AB;2;Датасеты, Алфавит эмоций
чудной;прилагательное;Удивление;AB;2;Датасеты, Алфавит эмоций
чудный;прилагательное;Удивление;AB;2;Датасеты, Алфавит эмоций
чудо;существительное;Удивление;AB;3;Датасеты, NRC EmoLex, Алфавит эмоций
чудовище;существительное;Страх;AB;2;Датасеты, Алфавит эмоций
чудовищный;прилагательное;Страх;AB;2;NRC EmoLex, Алфавит эмоций
шантажировать;глагол;Страх;AB;2;NRC EmoLex, Алфавит эмоций
шантажист;существительное;Страх;AB;2;ENRuN, Алфавит эмоций
шок;существительное;Грусть;AB;4;Датасеты, NRC EmoLex, РуСентиЛекс, Алфавит эмоций
шутка;существительное;Радость;AB;3;Датасеты, NRC EmoLex, Алфавит эмоций
эйфория;существительное;Радость;A;2;НКРЯ, Алфавит эмоций
экстаз;существительное;Радость;AB;3;NRC EmoLex, НКРЯ, РуСентиЛекс
энтузиазм;существительное;Радость;AB;2;NRC EmoLex, РуСентиЛекс
энтузиаст;существительное;Радость;B;2;ENRuN, NRC EmoLex
юмористический;прилагательное;Радость;AB;2;NRC EmoLex, Алфавит эмоций
яд;существительное;Злость;AB;3;NRC EmoLex, Русский семантический словарь, Алфавит эмоций
ядовитый;прилагательное;Злость;AB;2;NRC EmoLex, Алфавит эмоций
язва;существительное;Злость;AB;2;NRC EmoLex, Алфавит эмоций
яриться;глагол;Злость;A;2;НКРЯ, Алфавит эмоций
яростно;наречие;Злость;AB;2;NRC EmoLex, Алфавит эмоций
яростный;прилагательное;Злость;AB;3;NRC EmoLex, РуСентиЛекс, Алфавит эмоций
ярость;существительное;Злость;AB;6;Датасеты, NRC EmoLex, НКРЯ, Русский семантический словарь, РуСентиЛекс, Алфавит эмоций